ride_id,sample_index,timestamp_fit,gear_raw,speed_mps,elevation_m,grade_decimal,cadence_rpm,power_w,heart_rate_bpm,distance_m,temperature_c,latitude_semicircles,longitude_semicircles,speed_kph,grade_percent,latitude_deg,longitude_deg,gear_label,front_gear_index,rear_gear_index
20260513_22862540318,0,1778693805,"1x15,1,10",0.0,56.8,0.0,0,0,0,6.33,22,499771960,1678513876,0.0,0.0,41.890401765704155,140.69140780717134,1x15,1,10
20260513_22862540318,1,1778693813,"1x15,1,10",0.606,56.8,0.0,0,0,0,10.25,22,499772269,1678514237,2.1816,0.0,41.890427665784955,140.6914380658418,1x15,1,10
20260513_22862540318,2,1778693821,"1x15,1,10",0.0,56.8,0.0,0,0,0,17.01,21,499772895,1678514430,0.0,0.0,41.89048013649881,140.69145424291492,1x15,1,10
20260513_22862540318,3,1778693829,"1x15,1,10",0.0,56.8,0.0,0,0,0,20.66,21,499773209,1678514769,0.0,0.0,41.89050645567477,140.69148265756667,1x15,1,10
20260513_22862540318,4,1778693837,"1x15,1,10",0.336,56.8,0.0,0,0,0,22.32,21,499773365,1678514964,1.2096,0.0,41.890519531443715,140.69149900227785,1x15,1,10
20260513_22862540318,5,1778693845,"1x15,1,10",0.28,56.8,0.0,0,0,0,26.81,22,499773871,1678515119,1.0080000000000002,0.0,41.89056194387376,140.69151199422777,1x15,1,10
20260513_22862540318,6,1778693853,"1x15,1,10",0.0,56.8,0.0,0,0,0,29.46,22,499774194,1678514973,0.0,0.0,41.89058901742101,140.69149975664914,1x15,1,10
20260513_22862540318,7,1778693861,"1x15,1,10",0.0,56.8,0.0,0,0,0,29.72,22,499774416,1678514804,0.0,0.0,41.89060762524605,140.69148559123278,1x15,1,10
20260513_22862540318,8,1778693869,"1x15,1,10",0.0,56.8,0.0,0,0,0,30.94,22,499774407,1678514959,0.0,0.0,41.89060687087476,140.6914985831827,1x15,1,10
20260513_22862540318,9,1778693877,"1x15,1,10",0.0,56.8,0.0,0,0,0,30.94,22,499774407,1678514959,0.0,0.0,41.89060687087476,140.6914985831827,1x15,1,10
20260513_22862540318,10,1778693885,"1x15,1,10",0.0,56.8,0.0,0,0,0,30.94,22,499774407,1678514959,0.0,0.0,41.89060687087476,140.6914985831827,1x15,1,10
20260513_22862540318,11,1778693893,"1x15,1,10",0.0,56.8,0.0,0,0,0,30.94,22,499774407,1678514959,0.0,0.0,41.89060687087476,140.6914985831827,1x15,1,10
20260513_22862540318,12,1778693901,"1x15,1,10",1.176,56.8,0.0,0,15,0,31.8,22,499774313,1678514767,4.2336,0.0,41.89059899188578,140.6914824899286,1x15,1,10
20260513_22862540318,13,1778693909,"1x19,1,8",3.611,55.6,-0.07,0,0,0,50.25,22,499773252,1678512969,12.999600000000001,-7.000000000000001,41.89051005989313,140.69133178330958,1x19,1,8
20260513_22862540318,14,1778693917,"1x19,1,8",5.244,54.0,-0.04,43,86,0,87.52,22,499769273,1678513600,18.8784,-4.0,41.890176543965936,140.6913846731186,1x19,1,8
20260513_22862540318,15,1778693925,"1x19,1,8",4.731,53.4,-0.01,0,0,0,130.14,22,499764873,1678515294,17.0316,-1.0,41.88980774022639,140.69152666255832,1x19,1,8
20260513_22862540318,16,1778693933,"1x25,1,6",3.863,53.4,0.0,58,215,0,159.56,22,499764008,1678518103,13.9068,0.0,41.889735236763954,140.6917621102184,1x25,1,6
20260513_22862540318,17,1778693941,"1x25,1,6",4.096,54.6,0.04,63,280,0,192.29,22,499765398,1678522393,14.745600000000001,4.0,41.88985174521804,140.69212169386446,1x25,1,6
20260513_22862540318,18,1778693949,"1x25,1,6",4.479,56.4,0.05,68,294,0,225.87,23,499766928,1678526776,16.1244,5.0,41.88997998833656,140.69248907268047,1x25,1,6
20260513_22862540318,19,1778693957,"1x25,1,6",4.749,59.2,0.07,72,321,0,263.34,23,499768304,1678531830,17.0964,7.000000000000001,41.8900953233242,140.69291269406676,1x25,1,6
20260513_22862540318,20,1778693965,"1x25,1,6",4.544,61.4,0.06,71,284,0,301.39,23,499769723,1678536953,16.3584,6.0,41.89021426253021,140.69334209896624,1x25,1,6
20260513_22862540318,21,1778693973,"1x25,1,6",4.189,63.2,0.05,65,259,0,336.94,23,499771122,1678541681,15.080400000000001,5.0,41.89033152535558,140.6937383953482,1x25,1,6
20260513_22862540318,22,1778693981,"1x25,1,6",1.521,65.2,0.09,24,68,0,359.91,23,499771866,1678544823,5.4756,9.0,41.890393886715174,140.69400175474584,1x25,1,6
20260513_22862540318,23,1778693989,"1x25,1,6",2.342,66.4,0.08,36,143,0,374.62,24,499772481,1678546776,8.4312,8.0,41.89044543541968,140.69416545331478,1x25,1,6
20260513_22862540318,24,1778693997,"1x25,1,6",2.473,67.4,0.05,37,220,0,393.86,24,499773182,1678549352,8.9028,5.0,41.89050419256091,140.69438137114048,1x25,1,6
20260513_22862540318,25,1778694005,"1x25,1,6",5.057,68.2,0.02,77,123,0,427.6,24,499774323,1678553959,18.2052,2.0,41.8905998300761,140.6947675254196,1x25,1,6
20260513_22862540318,26,1778694013,"1x28,1,5",4.264,69.2,0.03,80,257,0,466.49,24,499775539,1678559265,15.3504,3.0,41.890701754018664,140.69521226920187,1x28,1,5
20260513_22862540318,27,1778694021,"1x28,1,5",4.087,72.0,0.08,73,335,0,499.66,25,499776682,1678563776,14.713199999999999,8.0,41.890797559171915,140.69559037685394,1x28,1,5
20260513_22862540318,28,1778694029,"1x28,1,5",4.161,74.4,0.07,75,256,0,531.98,25,499777723,1678568210,14.9796,7.000000000000001,41.89088481478393,140.69596203044057,1x28,1,5
20260513_22862540318,29,1778694037,"1x28,1,5",4.208,76.0,0.05,75,242,0,566.46,25,499778770,1678572962,15.148800000000001,5.0,41.89097257331014,140.69636033847928,1x28,1,5
20260513_22862540318,30,1778694045,"1x32,1,4",3.854,78.0,0.06,84,213,0,599.56,26,499779913,1678577488,13.874400000000001,6.0,41.89106837846339,140.69673970341682,1x32,1,4
20260513_22862540318,31,1778694053,"1x32,1,4",3.863,80.4,0.08,82,286,0,631.06,26,499781018,1678581741,13.9068,8.0,41.89116099849343,140.6970961857587,1x32,1,4
20260513_22862540318,32,1778694061,"1x32,1,4",3.788,82.6,0.07,82,306,0,662.83,26,499782571,1678585799,13.6368,7.000000000000001,41.89129116944969,140.6974363233894,1x32,1,4
20260513_22862540318,33,1778694069,"1x32,1,4",3.574,85.6,0.1,79,313,0,692.2,26,499784326,1678589287,12.8664,10.0,41.89143827185035,140.69772868417203,1x32,1,4
20260513_22862540318,34,1778694077,"1x28,1,5",3.191,88.6,0.11,62,289,0,720.19,26,499786351,1678592275,11.4876,11.0,41.89160800538957,140.6979791354388,1x28,1,5
20260513_22862540318,35,1778694085,"1x28,1,5",3.611,91.0,0.08,61,263,0,749.61,27,499788367,1678595474,12.999600000000001,8.0,41.89177698455751,140.69824727252126,1x28,1,5
20260513_22862540318,36,1778694093,"1x28,1,5",3.182,93.4,0.09,60,250,0,776.45,27,499790327,1678598331,11.4552,9.0,41.89194126985967,140.69848674349487,1x28,1,5
20260513_22862540318,37,1778694101,"1x28,1,5",3.826,95.4,0.07,63,249,0,805.21,27,499792344,1678601418,13.7736,7.000000000000001,41.89211033284664,140.69874549284577,1x28,1,5
20260513_22862540318,38,1778694109,"1x32,1,4",3.938,97.4,0.07,79,282,0,835.19,27,499794479,1678604626,14.1768,7.000000000000001,41.892289286479354,140.69901438429952,1x32,1,4
20260513_22862540318,39,1778694117,"1x32,1,4",3.751,99.4,0.07,79,273,0,865.04,27,499796619,1678607836,13.5036,7.000000000000001,41.892468659207225,140.69928344339132,1x32,1,4
20260513_22862540318,40,1778694125,"1x36,1,3",3.434,101.6,0.07,86,201,0,894.87,27,499798656,1678611138,12.362400000000001,7.000000000000001,41.89263939857483,140.69956021383405,1x36,1,3
20260513_22862540318,41,1778694133,"1x36,1,3",3.294,103.8,0.08,84,242,0,921.74,27,499800391,1678614198,11.8584,8.0,41.892784824594855,140.6998167000711,1x36,1,3
20260513_22862540318,42,1778694141,"1x32,1,4",2.734,105.8,0.08,65,195,0,947.45,27,499801789,1678617361,9.8424,8.0,41.89290200360119,140.7000818196684,1x32,1,4
20260513_22862540318,43,1778694149,"1x32,1,4",2.659,107.8,0.09,64,235,0,970.61,27,499802904,1678620344,9.5724,9.0,41.892995461821556,140.70033185184002,1x32,1,4
20260513_22862540318,44,1778694157,"1x36,1,3",2.948,109.4,0.06,79,232,0,995.83,27,499803999,1678623633,10.6128,6.0,41.893087243661284,140.70060753263533,1x36,1,3
20260513_22862540318,45,1778694165,"1x36,1,3",3.172,111.0,0.06,82,227,0,1021.88,28,499805155,1678627055,11.4192,6.0,41.89318413846195,140.70089436136186,1x36,1,3
20260513_22862540318,46,1778694173,"1x36,1,3",3.303,112.6,0.06,82,253,0,1049.21,28,499806402,1678630597,11.8908,6.0,41.8932886607945,140.7011912483722,1x36,1,3
20260513_22862540318,47,1778694181,"1x36,1,3",3.415,114.2,0.06,85,272,0,1077.13,28,499807655,1678634202,12.294,6.0,41.893393686041236,140.70149341598153,1x36,1,3
20260513_22862540318,48,1778694189,"1x36,1,3",3.266,116.4,0.09,83,278,0,1102.27,28,499808794,1678637495,11.7576,9.0,41.89348915591836,140.70176943205297,1x36,1,3
20260513_22862540318,49,1778694197,"1x28,1,5",4.161,118.8,0.08,75,216,0,1132.76,28,499810046,1678641519,14.9796,8.0,41.89359409734607,140.7021067198366,1x28,1,5
20260513_22862540318,50,1778694205,"1x32,1,4",3.76,119.8,0.03,80,196,0,1168.42,28,499811119,1678646389,13.536,3.0,41.8936840351671,140.70251491852105,1x32,1,4
20260513_22862540318,51,1778694213,"1x28,1,5",3.406,121.8,0.06,66,206,0,1199.99,28,499812346,1678650621,12.261600000000001,6.0,41.89378688111901,140.70286964066327,1x28,1,5
20260513_22862540318,52,1778694221,"1x28,1,5",3.406,124.4,0.09,64,250,0,1228.44,28,499813562,1678654376,12.261600000000001,9.0,41.89388880506158,140.70318438112736,1x28,1,5
20260513_22862540318,53,1778694229,"1x36,1,3",3.574,126.2,0.06,74,241,0,1256.86,28,499814683,1678658169,12.8664,6.0,41.89398276619613,140.70350230671465,1x36,1,3
20260513_22862540318,54,1778694237,"1x36,1,3",3.107,127.6,0.05,83,223,0,1284.27,29,499815850,1678661777,11.185200000000002,5.0,41.894080583006144,140.70380472578108,1x36,1,3
20260513_22862540318,55,1778694245,"1x36,1,3",2.585,129.4,0.07,68,235,0,1308.58,29,499816915,1678664969,9.306000000000001,7.000000000000001,41.89416985027492,140.70407227613032,1x36,1,3
20260513_22862540318,56,1778694253,"1x36,1,3",3.051,131.0,0.06,80,221,0,1333.95,29,499817924,1678668329,10.983600000000001,6.0,41.89425442367792,140.70435390807688,1x36,1,3
20260513_22862540318,57,1778694261,"1x36,1,3",2.799,132.6,0.06,77,244,0,1359.21,29,499819028,1678671662,10.0764,6.0,41.894346959888935,140.7046332769096,1x36,1,3
20260513_22862540318,58,1778694269,"1x36,1,3",2.986,134.4,0.07,78,240,0,1384.53,29,499820141,1678674963,10.749600000000001,7.000000000000001,41.894440250471234,140.70490996353328,1x36,1,3
20260513_22862540318,59,1778694277,"1x36,1,3",2.921,136.2,0.07,77,252,0,1409.92,29,499821249,1678678256,10.5156,7.000000000000001,41.894533121958375,140.70518597960472,1x36,1,3
20260513_22862540318,60,1778694285,"1x36,1,3",2.799,138.4,0.09,77,280,0,1433.68,29,499822372,1678681368,10.0764,9.0,41.89462725073099,140.70544682443142,1x36,1,3
20260513_22862540318,61,1778694293,"1x32,1,4",2.594,141.0,0.11,71,255,0,1456.94,29,499823062,1678684590,9.3384,11.0,41.894685085862875,140.7057168893516,1x32,1,4
20260513_22862540318,62,1778694301,"1x36,1,3",3.051,143.0,0.08,80,165,0,1481.96,29,499823296,1678688142,10.983600000000001,8.0,41.894704699516296,140.70601461455226,1x36,1,3
20260513_22862540318,63,1778694309,"1x36,1,3",3.182,144.4,0.05,81,192,0,1509.12,29,499823418,1678692001,11.4552,5.0,41.894714925438166,140.70633807219565,1x36,1,3
20260513_22862540318,64,1778694317,"1x36,1,3",3.219,146.0,0.06,82,191,0,1534.93,29,499823556,1678695714,11.5884,6.0,41.89472649246454,140.7066492922604,1x36,1,3
20260513_22862540318,65,1778694325,"1x36,1,3",3.256,147.6,0.06,82,187,0,1562.4,29,499823589,1678699650,11.721599999999999,6.0,41.89472925849259,140.70697920396924,1x36,1,3
20260513_22862540318,66,1778694333,"1x36,1,3",3.116,149.4,0.07,81,210,0,1588.09,29,499823682,1678703317,11.217600000000001,7.000000000000001,41.89473705366254,140.70728656835854,1x36,1,3
20260513_22862540318,67,1778694341,"1x36,1,3",2.809,150.8,0.06,80,208,0,1612.79,29,499823878,1678706842,10.112400000000001,6.0,41.894753482192755,140.70758203044534,1x36,1,3
20260513_22862540318,68,1778694349,"1x36,1,3",3.163,152.2,0.05,83,237,0,1638.5,29,499824013,1678710543,11.3868,5.0,41.894764797762036,140.70789224468172,1x36,1,3
20260513_22862540318,69,1778694357,"1x32,1,4",3.21,154.0,0.07,82,196,0,1665.8,29,499823979,1678714436,11.556000000000001,7.000000000000001,41.89476194791496,140.70821855217218,1x32,1,4
20260513_22862540318,70,1778694365,"1x32,1,4",3.051,154.6,0.03,0,22,0,1689.51,29,499821973,1678716245,10.983600000000001,3.0,41.89459380693734,140.70837018080056,1x32,1,4
20260513_22862540318,71,1778694373,"1x28,1,5",5.682,153.4,-0.03,0,23,0,1725.42,29,499818201,1678715626,20.4552,-3.0,41.89427764154971,140.70831829681993,1x28,1,5
20260513_22862540318,72,1778694381,"1x22,1,7",6.933,151.0,-0.05,0,0,0,1778.27,30,499812708,1678717390,24.9588,-5.0,41.893817223608494,140.70846615359187,1x22,1,7
20260513_22862540318,73,1778694389,"1x22,1,7",6.242,150.2,-0.02,0,0,0,1831.51,30,499808849,1678722817,22.4712,-2.0,41.893493765965104,140.708921039477,1x22,1,7
20260513_22862540318,74,1778694397,"1x25,1,6",5.067,150.8,0.01,74,195,0,1876.94,30,499810722,1678727276,18.241200000000003,1.0,41.89365075901151,140.7092947885394,1x25,1,6
20260513_22862540318,75,1778694405,"1x25,1,6",5.58,152.2,0.03,87,215,0,1920.57,30,499815142,1678725190,20.088,3.0,41.89402123913169,140.70911994203925,1x25,1,6
20260513_22862540318,76,1778694413,"1x25,1,6",5.44,153.4,0.03,85,341,0,1964.73,30,499819702,1678723343,19.584000000000003,3.0,41.89440345391631,140.70896512828767,1x25,1,6
20260513_22862540318,77,1778694421,"1x25,1,6",5.533,155.6,0.05,84,289,0,2009.57,30,499824292,1678721400,19.9188,5.0,41.894788183271885,140.70880226790905,1x25,1,6
20260513_22862540318,78,1778694429,"1x22,1,7",6.046,157.2,0.03,82,191,0,2056.89,30,499829062,1678719063,21.765600000000003,3.0,41.89518800005317,140.70860638283193,1x22,1,7
20260513_22862540318,79,1778694437,"1x19,1,8",6.671,158.0,0.02,77,153,0,2106.49,30,499833933,1678716186,24.015600000000003,2.0,41.89559628255665,140.7083652354777,1x19,1,8
20260513_22862540318,80,1778694445,"1x17,1,9",8.351,157.0,-0.02,84,112,0,2167.17,30,499839812,1678712434,30.063600000000005,-2.0,41.89608905464411,140.7080507464707,1x17,1,9
20260513_22862540318,81,1778694453,"1x17,1,9",10.086,154.0,-0.04,0,0,0,2241.76,30,499846801,1678707187,36.3096,-4.0,41.89667486585677,140.70761094801128,1x17,1,9
20260513_22862540318,82,1778694461,"1x17,1,9",11.085,149.4,-0.05,0,0,0,2328.76,30,499854579,1678700221,39.906000000000006,-5.0,41.89732681028545,140.70702706463635,1x17,1,9
20260513_22862540318,83,1778694469,"1x17,1,9",9.984,144.8,-0.05,0,0,0,2418.15,30,499862037,1678692160,35.9424,-5.0,41.89795193262398,140.7063513994217,1x17,1,9
20260513_22862540318,84,1778694477,"1x19,1,8",3.788,144.6,0.0,0,0,0,2470.76,30,499866696,1678688372,13.6368,0.0,41.898342445492744,140.70603389292955,1x19,1,8
20260513_22862540318,85,1778694485,"1x22,1,7",4.068,145.6,0.03,32,163,0,2500.39,30,499869315,1678691022,14.644799999999998,3.0,41.89856196753681,140.7062560133636,1x22,1,7
20260513_22862540318,86,1778694493,"1x22,1,7",2.202,146.4,0.02,0,0,0,2543.39,30,499872237,1678695329,7.9272,2.0,41.89880688674748,140.7066170219332,1x22,1,7
20260513_22862540318,87,1778694501,"1x28,1,5",4.18,147.0,0.02,76,281,0,2573.91,30,499874222,1678698602,15.048,2.0,41.898973267525434,140.706891361624,1x28,1,5
20260513_22862540318,88,1778694509,"1x32,1,4",3.518,148.8,0.06,76,290,0,2604.84,29,499875145,1678702804,12.6648,6.0,41.89905063249171,140.70724356919527,1x32,1,4
20260513_22862540318,89,1778694517,"1x32,1,4",3.368,151.4,0.09,72,291,0,2633.0,29,499875690,1678706776,12.1248,9.0,41.89909631386399,140.70757649838924,1x32,1,4
20260513_22862540318,90,1778694525,"1x32,1,4",3.387,153.6,0.08,71,313,0,2659.57,29,499876379,1678710498,12.193200000000001,8.0,41.899154065176845,140.7078884728253,1x32,1,4
20260513_22862540318,91,1778694533,"1x32,1,4",3.564,156.0,0.09,75,315,0,2687.25,29,499877475,1678714189,12.830400000000001,9.0,41.899245930835605,140.70819784887135,1x32,1,4
20260513_22862540318,92,1778694541,"1x36,1,3",3.294,158.0,0.07,83,286,0,2714.58,30,499878155,1678717991,11.8584,7.000000000000001,41.89930292777717,140.70851652882993,1x36,1,3
20260513_22862540318,93,1778694549,"1x36,1,3",3.238,160.4,0.09,81,271,0,2741.47,29,499879384,1678721434,11.6568,9.0,41.89940594136715,140.70880511775613,1x36,1,3
20260513_22862540318,94,1778694557,"1x36,1,3",3.107,162.6,0.09,79,314,0,2766.83,30,499880544,1678724718,11.185200000000002,9.0,41.89950317144394,140.70908037945628,1x36,1,3
20260513_22862540318,95,1778694565,"1x36,1,3",3.116,165.8,0.13,80,308,0,2791.85,30,499882683,1678726852,11.217600000000001,13.0,41.89968246035278,140.70925924926996,1x36,1,3
20260513_22862540318,96,1778694573,"1x32,1,4",2.734,167.8,0.08,53,199,0,2816.75,30,499885321,1678727347,9.8424,8.0,41.899903574958444,140.70930073969066,1x32,1,4
20260513_22862540318,97,1778694581,"1x36,1,3",2.921,169.8,0.08,66,108,0,2841.72,30,499887751,1678725877,10.5156,8.0,41.90010725520551,140.70917752571404,1x36,1,3
20260513_22862540318,98,1778694589,"1x32,1,4",3.508,170.2,0.01,0,0,0,2869.32,30,499889515,1678722733,12.6288,1.0,41.90025511197746,140.70891399867833,1x32,1,4
20260513_22862540318,99,1778694597,"1x32,1,4",0.252,170.4,0.01,0,0,0,2890.02,30,499889682,1678719801,0.9072,1.0,41.900269109755754,140.70866824127734,1x32,1,4
20260513_22862540318,100,1778694605,"1x32,1,4",0.0,170.4,0.0,0,0,0,2890.39,30,499889682,1678719755,0.0,0.0,41.900269109755754,140.70866438560188,1x32,1,4
20260513_22862540318,101,1778694613,"1x32,1,4",0.392,170.2,0.0,0,0,0,2890.39,30,499889682,1678719755,1.4112,0.0,41.900269109755754,140.70866438560188,1x32,1,4
20260513_22862540318,102,1778694621,"1x32,1,4",3.098,170.4,0.0,37,31,0,2907.48,30,499889303,1678717373,11.1528,0.0,41.900237342342734,140.70846472866833,1x32,1,4
20260513_22862540318,103,1778694629,"1x32,1,4",3.891,171.0,0.02,81,150,0,2935.76,30,499888519,1678713490,14.0076,2.0,41.90017162822187,140.70813925936818,1x32,1,4
20260513_22862540318,104,1778694637,"1x32,1,4",4.124,171.0,0.0,86,115,0,2965.3,30,499887648,1678709408,14.8464,0.0,41.900098621845245,140.70779711008072,1x32,1,4
20260513_22862540318,105,1778694645,"1x28,1,5",4.721,170.8,-0.01,84,105,0,2999.12,31,499886681,1678704706,16.9956,-1.0,41.90001756884158,140.7074029929936,1x28,1,5
20260513_22862540318,106,1778694653,"1x28,1,5",4.376,171.6,0.02,81,238,0,3037.05,31,499887356,1678699372,15.753600000000002,2.0,41.900074146687984,140.70695590227842,1x28,1,5
20260513_22862540318,107,1778694661,"1x32,1,4",3.835,174.2,0.08,81,269,0,3070.81,31,499889253,1678695273,13.806000000000001,8.0,41.90023315139115,140.70661232806742,1x32,1,4
20260513_22862540318,108,1778694669,"1x32,1,4",3.807,176.4,0.08,79,269,0,3099.8,31,499891751,1678692806,13.7052,8.0,41.900442531332374,140.70640554651618,1x32,1,4
20260513_22862540318,109,1778694677,"1x32,1,4",3.816,177.8,0.05,80,267,0,3130.46,31,499894925,1678691751,13.7376,5.0,41.90070857293904,140.70631711743772,1x32,1,4
20260513_22862540318,110,1778694685,"1x32,1,4",3.788,180.2,0.08,79,267,0,3160.29,31,499898129,1678691536,13.6368,8.0,41.900977129116654,140.7062990963459,1x32,1,4
20260513_22862540318,111,1778694693,"1x32,1,4",3.854,181.8,0.05,80,273,0,3189.87,31,499901263,1678691039,13.874400000000001,5.0,41.90123981796205,140.70625743828714,1x32,1,4
20260513_22862540318,112,1778694701,"1x32,1,4",3.695,183.8,0.07,80,280,0,3220.02,31,499904411,1678690245,13.302,7.000000000000001,41.90150368027389,140.70619088597596,1x32,1,4
20260513_22862540318,113,1778694709,"1x32,1,4",3.751,186.4,0.09,81,259,0,3249.01,31,499907167,1678688259,13.5036,9.0,41.9017346855253,140.70602442137897,1x32,1,4
20260513_22862540318,114,1778694717,"1x32,1,4",3.863,188.4,0.06,82,278,0,3280.14,31,499909827,1678685506,13.9068,6.0,41.90195764414966,140.70579366758466,1x32,1,4
20260513_22862540318,115,1778694725,"1x32,1,4",3.844,190.6,0.07,82,262,0,3311.92,31,499912347,1678682495,13.8384,7.000000000000001,41.902168868109584,140.70554128848016,1x32,1,4
20260513_22862540318,116,1778694733,"1x28,1,5",4.022,192.4,0.06,71,145,0,3341.79,31,499915002,1678680144,14.4792,6.0,41.90239140763879,140.7053442299366,1x28,1,5
20260513_22862540318,117,1778694741,"1x17,1,9",6.821,191.8,-0.01,76,43,0,3383.37,31,499919319,1678681061,24.5556,-1.0,41.902753254398704,140.70542109198868,1x17,1,9
20260513_22862540318,118,1778694749,"1x15,1,10",10.861,187.2,-0.06,0,0,0,3457.47,31,499924295,1678689308,39.0996,-6.0,41.90317033790052,140.70611234754324,1x15,1,10
20260513_22862540318,119,1778694757,"1x15,1,10",11.421,181.0,-0.07,0,0,0,3549.11,31,499930495,1678699347,41.1156,-7.000000000000001,41.903690015897155,140.70695380680263,1x15,1,10
20260513_22862540318,120,1778694765,"1x22,1,7",7.297,179.8,-0.02,84,275,0,3628.67,31,499937611,1678695335,26.269199999999998,-2.0,41.90428647212684,140.7066175248474,1x22,1,7
20260513_22862540318,121,1778694773,"1x25,1,6",5.207,185.0,0.11,71,349,0,3676.42,31,499940257,1678689451,18.7452,11.0,41.90450825728476,140.70612433366477,1x25,1,6
20260513_22862540318,122,1778694781,"1x28,1,5",4.311,187.8,0.08,78,304,0,3713.2,30,499942388,1678684997,15.5196,8.0,41.904686875641346,140.70575100369751,1x28,1,5
20260513_22862540318,123,1778694789,"1x28,1,5",4.245,190.0,0.06,76,298,0,3748.48,30,499944047,1678680460,15.282,6.0,41.90482593141496,140.70537071675062,1x28,1,5
20260513_22862540318,124,1778694797,"1x32,1,4",3.807,191.8,0.06,81,269,0,3780.33,30,499945200,1678676166,13.7052,6.0,41.90492257475853,140.70501079782844,1x32,1,4
20260513_22862540318,125,1778694805,"1x32,1,4",3.891,193.8,0.06,82,280,0,3811.26,30,499945982,1678671845,14.0076,6.0,41.90498812124133,140.7046486157924,1x32,1,4
20260513_22862540318,126,1778694813,"1x36,1,3",3.443,195.6,0.06,86,268,0,3840.17,30,499946608,1678667786,12.3948,6.0,41.905040591955185,140.70430839434266,1x36,1,3
20260513_22862540318,127,1778694821,"1x36,1,3",3.499,197.4,0.06,88,236,0,3868.04,30,499947693,1678664070,12.596400000000001,6.0,41.905131535604596,140.7039969228208,1x36,1,3
20260513_22862540318,128,1778694829,"1x36,1,3",3.49,199.4,0.07,87,239,0,3894.94,30,499949820,1678661566,12.564000000000002,7.000000000000001,41.905309818685055,140.7037870399654,1x36,1,3
20260513_22862540318,129,1778694837,"1x36,1,3",3.387,201.0,0.06,88,248,0,3923.3,30,499952799,1678661041,12.193200000000001,6.0,41.905559515580535,140.70374303497374,1x36,1,3
20260513_22862540318,130,1778694845,"1x36,1,3",3.312,203.2,0.08,87,241,0,3950.26,30,499955424,1678662714,11.9232,8.0,41.90577954053879,140.7038832642138,1x36,1,3
20260513_22862540318,131,1778694853,"1x32,1,4",2.986,205.4,0.08,67,224,0,3976.25,30,499957293,1678665488,10.749600000000001,8.0,41.905936198309064,140.70411577820778,1x32,1,4
20260513_22862540318,132,1778694861,"1x32,1,4",3.462,206.8,0.05,77,256,0,4004.03,30,499958481,1678669139,12.4632,5.0,41.90603577531874,140.70442180149257,1x32,1,4
20260513_22862540318,133,1778694869,"1x32,1,4",3.378,208.4,0.06,74,245,0,4032.92,30,499959695,1678672947,12.1608,6.0,41.906137531623244,140.70474098436534,1x32,1,4
20260513_22862540318,134,1778694877,"1x36,1,3",3.191,210.2,0.07,82,218,0,4060.36,30,499960883,1678676536,11.4876,7.000000000000001,41.90623710863292,140.70504181087017,1x36,1,3
20260513_22862540318,135,1778694885,"1x36,1,3",3.406,211.8,0.06,87,192,0,4088.4,30,499962171,1678680144,12.261600000000001,6.0,41.90634506754577,140.7053442299366,1x36,1,3
20260513_22862540318,136,1778694893,"1x36,1,3",3.07,213.4,0.06,83,222,0,4114.81,30,499963676,1678683199,11.052,6.0,41.9064712151885,140.7056002970785,1x36,1,3
20260513_22862540318,137,1778694901,"1x36,1,3",3.415,215.4,0.08,90,249,0,4139.47,30,499966091,1678684463,12.294,8.0,41.906673638150096,140.70570624433458,1x36,1,3
20260513_22862540318,138,1778694909,"1x36,1,3",3.312,217.2,0.07,86,231,0,4166.2,30,499968919,1678683838,11.9232,7.000000000000001,41.90691067837179,140.70565385743976,1x36,1,3
20260513_22862540318,139,1778694917,"1x36,1,3",3.35,218.8,0.06,87,224,0,4193.61,30,499971348,1678681570,12.06,6.0,41.907114274799824,140.70546375587583,1x36,1,3
20260513_22862540318,140,1778694925,"1x36,1,3",3.387,220.8,0.07,86,238,0,4221.32,30,499973803,1678679397,12.193200000000001,7.000000000000001,41.907320050522685,140.7052816171199,1x36,1,3
20260513_22862540318,141,1778694933,"1x36,1,3",3.238,222.8,0.07,84,236,0,4248.57,30,499976196,1678677096,11.6568,7.000000000000001,41.90752062946558,140.70508874952793,1x36,1,3
20260513_22862540318,142,1778694941,"1x36,1,3",3.275,224.6,0.07,84,225,0,4275.94,30,499978906,1678675697,11.79,7.000000000000001,41.90774777904153,140.70497148670256,1x36,1,3
20260513_22862540318,143,1778694949,"1x36,1,3",3.396,226.0,0.05,85,233,0,4303.38,30,499981732,1678676548,12.2256,5.0,41.907984651625156,140.70504281669855,1x36,1,3
20260513_22862540318,144,1778694957,"1x36,1,3",3.34,227.6,0.06,85,233,0,4330.59,30,499983900,1678679036,12.024,6.0,41.908166371285915,140.70525135844946,1x36,1,3
20260513_22862540318,145,1778694965,"1x36,1,3",3.247,229.2,0.06,83,225,0,4358.03,30,499985135,1678682618,11.6892,6.0,41.908269887790084,140.70555159822106,1x36,1,3
20260513_22862540318,146,1778694973,"1x36,1,3",3.247,231.0,0.07,85,232,0,4384.61,30,499986202,1678686148,11.6892,7.000000000000001,41.908359322696924,140.70584747940302,1x36,1,3
20260513_22862540318,147,1778694981,"1x36,1,3",3.303,232.8,0.07,83,240,0,4411.22,30,499987251,1678689717,11.8908,7.000000000000001,41.908447248861194,140.7061466295272,1x36,1,3
20260513_22862540318,148,1778694989,"1x36,1,3",3.219,234.6,0.07,83,221,0,4438.0,30,499988356,1678693230,11.5884,7.000000000000001,41.90853986889124,140.70644108578563,1x36,1,3
20260513_22862540318,149,1778694997,"1x36,1,3",3.415,236.6,0.07,87,227,0,4464.95,30,499989518,1678696801,12.294,7.000000000000001,41.90863726660609,140.70674040354788,1x36,1,3
20260513_22862540318,150,1778695005,"1x36,1,3",3.415,238.2,0.06,86,229,0,4493.62,30,499990602,1678700608,12.294,6.0,41.90872812643647,140.70705950260162,1x36,1,3
20260513_22862540318,151,1778695013,"1x36,1,3",3.294,240.0,0.07,86,253,0,4520.78,30,499992002,1678703912,11.8584,7.000000000000001,41.90884547308087,140.7073364406824,1x36,1,3
20260513_22862540318,152,1778695021,"1x32,1,4",3.359,242.2,0.09,85,266,0,4545.56,30,499994143,1678705839,12.0924,9.0,41.909024929627776,140.70749795995653,1x32,1,4
20260513_22862540318,153,1778695029,"1x36,1,3",3.154,244.6,0.1,55,232,0,4570.04,30,499996785,1678705883,11.3544,10.0,41.90924637950957,140.70750164799392,1x36,1,3
20260513_22862540318,154,1778695037,"1x36,1,3",3.462,246.2,0.06,85,218,0,4595.28,30,499999291,1678704379,12.4632,6.0,41.90945643000305,140.70737558417022,1x36,1,3
20260513_22862540318,155,1778695045,"1x36,1,3",3.294,246.8,0.02,82,185,0,4621.76,30,500000834,1678701330,11.8584,2.0,41.909585762768984,140.70712001994252,1x36,1,3
20260513_22862540318,156,1778695053,"1x32,1,4",3.704,247.6,0.03,77,167,0,4648.47,30,500001126,1678697506,13.3344,3.0,41.909610237926245,140.70679949596524,1x32,1,4
20260513_22862540318,157,1778695061,"1x32,1,4",3.732,248.6,0.03,81,141,0,4678.78,30,500001310,1678693163,13.435200000000002,3.0,41.90962566062808,140.7064354699105,1x32,1,4
20260513_22862540318,158,1778695069,"1x32,1,4",3.798,249.8,0.04,82,127,0,4710.07,30,500001377,1678688672,13.6728,4.0,41.909631276503205,140.70605903863907,1x32,1,4
20260513_22862540318,159,1778695077,"1x32,1,4",3.872,250.6,0.03,81,178,0,4741.57,30,500001401,1678684157,13.9392,3.0,41.90963328815997,140.70568059571087,1x32,1,4
20260513_22862540318,160,1778695085,"1x32,1,4",3.835,252.2,0.05,82,192,0,4773.19,30,500001585,1678679643,13.806000000000001,5.0,41.9096487108618,140.7053022366017,1x32,1,4
20260513_22862540318,161,1778695093,"1x32,1,4",3.938,253.4,0.04,82,225,0,4803.5,30,500002268,1678675370,14.1768,4.0,41.909705959260464,140.7049440778792,1x32,1,4
20260513_22862540318,162,1778695101,"1x32,1,4",3.882,255.2,0.06,83,195,0,4835.3,30,500003742,1678671263,13.975200000000001,6.0,41.90982950851321,140.70459983311594,1x32,1,4
20260513_22862540318,163,1778695109,"1x32,1,4",3.994,257.2,0.06,85,200,0,4867.08,30,500005654,1678667502,14.378400000000001,6.0,41.90998977050185,140.70428458973765,1x32,1,4
20260513_22862540318,164,1778695117,"1x32,1,4",3.994,258.8,0.05,85,189,0,4899.25,30,500007651,1678663722,14.378400000000001,5.0,41.91015715710819,140.70396775379777,1x32,1,4
20260513_22862540318,165,1778695125,"1x32,1,4",4.022,260.0,0.04,84,231,0,4932.58,30,500009773,1678659883,14.4792,4.0,41.91033502109349,140.703645972535,1x32,1,4
20260513_22862540318,166,1778695133,"1x32,1,4",3.956,261.0,0.03,84,219,0,4964.74,30,500011732,1678656079,14.2416,3.0,41.91049922257662,140.70332712493837,1x32,1,4
20260513_22862540318,167,1778695141,"1x32,1,4",3.975,263.2,0.07,86,227,0,4996.91,30,500013402,1678652027,14.31,7.000000000000001,41.91063920035958,140.70298749022186,1x32,1,4
20260513_22862540318,168,1778695149,"1x32,1,4",4.068,264.8,0.05,86,225,0,5029.58,30,500014466,1678647551,14.644799999999998,5.0,41.91072838380933,140.7026123162359,1x32,1,4
20260513_22862540318,169,1778695157,"1x32,1,4",4.106,266.8,0.06,87,209,0,5063.68,30,500015302,1678642806,14.7816,6.0,41.91079845651984,140.7022145949304,1x32,1,4
20260513_22862540318,170,1778695165,"1x36,1,3",3.77,268.4,0.05,94,242,0,5095.47,30,500016088,1678638352,13.572000000000001,5.0,41.91086433827877,140.70184126496315,1x36,1,3
20260513_22862540318,171,1778695173,"1x36,1,3",3.49,270.6,0.08,87,256,0,5123.78,30,500016863,1678634422,12.564000000000002,8.0,41.91092929802835,140.7015118561685,1x36,1,3
20260513_22862540318,172,1778695181,"1x36,1,3",3.48,272.2,0.06,87,249,0,5151.32,30,500017888,1678630695,12.528,6.0,41.91101521253586,140.7011994626373,1x36,1,3
20260513_22862540318,173,1778695189,"1x36,1,3",3.406,274.0,0.07,86,253,0,5178.76,30,500019426,1678627331,12.261600000000001,7.000000000000001,41.911144126206636,140.70091749541461,1x36,1,3
20260513_22862540318,174,1778695197,"1x36,1,3",3.508,275.6,0.06,87,238,0,5206.61,30,500021376,1678624322,12.6288,6.0,41.91130757331848,140.70066528394818,1x36,1,3
20260513_22862540318,175,1778695205,"1x36,1,3",3.48,278.0,0.09,86,252,0,5234.8,30,500023339,1678621260,12.528,9.0,41.91147211007774,140.70040863007307,1x36,1,3
20260513_22862540318,176,1778695213,"1x36,1,3",3.443,279.8,0.06,87,253,0,5262.94,31,500025119,1678618000,12.3948,6.0,41.91162130795419,140.70013538002968,1x36,1,3
20260513_22862540318,177,1778695221,"1x36,1,3",3.471,281.6,0.06,87,254,0,5290.81,31,500026439,1678614402,12.495600000000001,6.0,41.91173194907606,140.69983379915357,1x36,1,3
20260513_22862540318,178,1778695229,"1x36,1,3",3.452,284.2,0.09,86,253,0,5318.81,31,500027310,1678610567,12.427200000000001,9.0,41.91180495545268,140.69951235316694,1x36,1,3
20260513_22862540318,179,1778695237,"1x32,1,4",3.835,285.8,0.06,76,304,0,5346.23,31,500027823,1678606690,13.806000000000001,6.0,41.91184795461595,140.69918738678098,1x32,1,4
20260513_22862540318,180,1778695245,"1x28,1,5",3.919,287.0,0.04,80,85,0,5376.7,31,500028781,1678602524,14.1084,4.0,41.911928253248334,140.69883819669485,1x28,1,5
20260513_22862540318,181,1778695253,"1x28,1,5",4.572,287.4,0.01,81,69,0,5411.48,31,500030401,1678598103,16.4592,1.0,41.91206404007971,140.69846763275564,1x28,1,5
20260513_22862540318,182,1778695261,"1x25,1,6",4.936,287.4,0.0,74,88,0,5448.1,31,500033651,1678595222,17.7696,0.0,41.91233645193279,140.69822615012527,1x25,1,6
20260513_22862540318,183,1778695269,"1x25,1,6",5.365,287.4,0.0,81,95,0,5489.13,31,500037946,1678593922,19.314,0.0,41.912696454674006,140.69811718538404,1x25,1,6
20260513_22862540318,184,1778695277,"1x28,1,5",4.525,288.0,0.01,81,175,0,5530.18,31,500042265,1678592716,16.290000000000003,1.0,41.913058469071984,140.6980160996318,1x28,1,5
20260513_22862540318,185,1778695285,"1x32,1,4",3.714,290.2,0.07,79,240,0,5561.66,31,500045625,1678592824,13.3704,7.000000000000001,41.91334010101855,140.6980251520872,1x32,1,4
20260513_22862540318,186,1778695293,"1x32,1,4",3.695,292.2,0.07,80,262,0,5591.87,31,500048359,1678595061,13.302,7.000000000000001,41.91356926225126,140.69821265526116,1x32,1,4
20260513_22862540318,187,1778695301,"1x36,1,3",3.592,294.8,0.09,87,211,0,5621.09,31,500050203,1678598394,12.9312,9.0,41.91372382454574,140.69849202409387,1x36,1,3
20260513_22862540318,188,1778695309,"1x36,1,3",3.462,296.0,0.04,86,222,0,5649.29,31,500050610,1678602346,12.4632,4.0,41.91375793889165,140.6988232769072,1x36,1,3
20260513_22862540318,189,1778695317,"1x36,1,3",3.452,298.0,0.07,88,226,0,5677.66,31,500049642,1678606134,12.427200000000001,7.000000000000001,41.91367680206895,140.69914078339934,1x36,1,3
20260513_22862540318,190,1778695325,"1x36,1,3",3.434,300.2,0.08,88,243,0,5705.72,31,500047697,1678609137,12.362400000000001,8.0,41.91351377405226,140.69939249195158,1x36,1,3
20260513_22862540318,191,1778695333,"1x36,1,3",3.434,302.0,0.07,87,237,0,5732.58,32,500044972,1678610350,12.362400000000001,7.000000000000001,41.91328536719084,140.69949416443706,1x36,1,3
20260513_22862540318,192,1778695341,"1x36,1,3",3.443,303.6,0.06,87,226,0,5760.8,32,500041967,1678610766,12.3948,6.0,41.91303349100053,140.69952903315425,1x36,1,3
20260513_22862540318,193,1778695349,"1x36,1,3",3.378,305.8,0.08,85,256,0,5788.32,32,500039018,1678610905,12.1608,8.0,41.912786308676004,140.69954068399966,1x36,1,3
20260513_22862540318,194,1778695357,"1x36,1,3",3.471,307.8,0.07,87,253,0,5815.8,32,500036404,1678612622,12.495600000000001,7.000000000000001,41.9125672057271,140.6996846012771,1x36,1,3
20260513_22862540318,195,1778695365,"1x36,1,3",3.462,309.8,0.07,87,191,0,5843.78,32,500034962,1678616048,12.4632,7.000000000000001,41.91244633868337,140.69997176527977,1x36,1,3
20260513_22862540318,196,1778695373,"1x36,1,3",3.63,311.0,0.04,90,163,0,5872.42,32,500034424,1678620070,13.068,4.0,41.912401244044304,140.70030888542533,1x36,1,3
20260513_22862540318,197,1778695381,"1x36,1,3",3.62,312.4,0.05,90,150,0,5901.49,32,500033838,1678624170,13.032,5.0,41.91235212609172,140.70065254345536,1x36,1,3
20260513_22862540318,198,1778695389,"1x36,1,3",3.648,313.4,0.03,90,151,0,5930.26,32,500033012,1678628164,13.132800000000001,3.0,41.91228289157152,140.70098731666803,1x36,1,3
20260513_22862540318,199,1778695397,"1x36,1,3",3.48,315.0,0.05,92,159,0,5959.43,32,500032203,1678632211,12.528,5.0,41.912215081974864,140.7013265322894,1x36,1,3
20260513_22862540318,200,1778695405,"1x36,1,3",3.527,316.4,0.05,90,156,0,5988.57,32,500031039,1678636101,12.6972,5.0,41.91211751662195,140.70165258832276,1x36,1,3
20260513_22862540318,201,1778695413,"1x36,1,3",3.564,317.6,0.04,90,164,0,6017.75,32,500029971,1678640038,12.830400000000001,4.0,41.912027997896075,140.70198258385062,1x36,1,3
20260513_22862540318,202,1778695421,"1x36,1,3",3.63,319.0,0.05,90,168,0,6046.93,32,500029097,1678644064,13.068,5.0,41.911954740062356,140.7023200392723,1x36,1,3
20260513_22862540318,203,1778695429,"1x36,1,3",3.555,320.2,0.04,89,164,0,6075.85,33,500028616,1678648162,12.798,4.0,41.9119144231081,140.70266352966428,1x36,1,3
20260513_22862540318,204,1778695437,"1x36,1,3",3.536,321.6,0.05,88,173,0,6104.68,33,500028447,1678652296,12.7296,5.0,41.91190025769174,140.7030100375414,1x36,1,3
20260513_22862540318,205,1778695445,"1x36,1,3",3.518,322.8,0.04,89,186,0,6133.84,33,500028107,1678656452,12.6648,4.0,41.91187175922096,140.7033583894372,1x36,1,3
20260513_22862540318,206,1778695453,"1x36,1,3",3.396,324.4,0.06,86,231,0,6161.96,33,500027887,1678660475,12.2256,6.0,41.91185331903398,140.7036955934018,1x36,1,3
20260513_22862540318,207,1778695461,"1x36,1,3",3.396,326.2,0.07,85,230,0,6189.28,33,500027667,1678664398,12.2256,7.000000000000001,41.911834878847,140.7040244154632,1x36,1,3
20260513_22862540318,208,1778695469,"1x36,1,3",3.303,328.4,0.08,84,221,0,6216.49,33,500027620,1678668301,11.8908,8.0,41.91183093935251,140.704351561144,1x36,1,3
20260513_22862540318,209,1778695477,"1x36,1,3",3.368,330.4,0.08,84,212,0,6242.87,33,500027496,1678672029,12.1248,8.0,41.91182054579258,140.70466403849423,1x36,1,3
20260513_22862540318,210,1778695485,"1x36,1,3",3.359,332.2,0.07,84,239,0,6269.84,33,500027108,1678675860,12.0924,7.000000000000001,41.911788024008274,140.70498514920473,1x36,1,3
20260513_22862540318,211,1778695493,"1x36,1,3",3.378,334.0,0.07,85,254,0,6296.96,33,500027086,1678679767,12.1608,7.000000000000001,41.911786179989576,140.70531263016164,1x36,1,3
20260513_22862540318,212,1778695501,"1x36,1,3",3.247,336.0,0.07,83,242,0,6324.41,33,500028047,1678683476,11.6892,7.000000000000001,41.911866730079055,140.70562351495028,1x36,1,3
20260513_22862540318,213,1778695509,"1x36,1,3",3.34,338.2,0.08,84,242,0,6351.14,33,500029653,1678686667,12.024,8.0,41.91200134344399,140.70589098148048,1x36,1,3
20260513_22862540318,214,1778695517,"1x36,1,3",3.312,340.2,0.07,85,239,0,6378.68,33,500031910,1678689222,11.9232,7.000000000000001,41.91219052299857,140.7061051391065,1x36,1,3
20260513_22862540318,215,1778695525,"1x36,1,3",3.396,342.2,0.07,86,237,0,6406.78,33,500034354,1678691617,12.2256,7.000000000000001,41.912395376712084,140.70630588568747,1x36,1,3
20260513_22862540318,216,1778695533,"1x36,1,3",3.359,344.2,0.07,86,248,0,6434.75,33,500036747,1678694002,12.0924,7.000000000000001,41.91259595565498,140.7065057940781,1x36,1,3
20260513_22862540318,217,1778695541,"1x36,1,3",3.452,346.6,0.09,88,247,0,6462.64,33,500039166,1678696372,12.427200000000001,9.0,41.9127987138927,140.70670444518328,1x36,1,3
20260513_22862540318,218,1778695549,"1x36,1,3",3.359,348.8,0.08,84,248,0,6490.06,33,500041507,1678698772,12.0924,8.0,41.912994934245944,140.7069056108594,1x36,1,3
20260513_22862540318,219,1778695557,"1x42,1,2",3.004,350.8,0.08,87,182,0,6515.28,33,500043607,1678701052,10.814400000000001,8.0,41.913170954212546,140.7070967182517,1x42,1,2
20260513_22862540318,220,1778695565,"1x42,1,2",3.06,352.4,0.06,87,201,0,6540.61,33,500045587,1678703504,11.016,6.0,41.91333691589534,140.70730224251747,1x42,1,2
20260513_22862540318,221,1778695573,"1x42,1,2",2.958,354.0,0.06,87,214,0,6565.65,33,500047461,1678706087,10.648800000000001,6.0,41.91349399276078,140.7075187470764,1x42,1,2
20260513_22862540318,222,1778695581,"1x42,1,2",2.846,355.6,0.07,85,180,0,6589.49,33,500048922,1678708866,10.245600000000001,7.000000000000001,41.913616452366114,140.70775168016553,1x42,1,2
20260513_22862540318,223,1778695589,"1x42,1,2",2.958,357.2,0.07,85,199,0,6612.34,33,500050490,1678711384,10.648800000000001,7.000000000000001,41.91374788060784,140.7079627364874,1x42,1,2
20260513_22862540318,224,1778695597,"1x42,1,2",2.93,358.6,0.06,85,207,0,6636.67,33,500052013,1678714211,10.548,6.0,41.913875536993146,140.70819969289005,1x42,1,2
20260513_22862540318,225,1778695605,"1x42,1,2",2.883,360.4,0.08,86,198,0,6659.95,33,500053581,1678716823,10.3788,8.0,41.914006965234876,140.7084186282009,1x42,1,2
20260513_22862540318,226,1778695613,"1x42,1,2",3.042,362.0,0.07,88,225,0,6684.47,33,500055264,1678719507,10.9512,7.000000000000001,41.91414803266525,140.708643598482,1x42,1,2
20260513_22862540318,227,1778695621,"1x42,1,2",2.883,363.8,0.07,86,202,0,6708.93,32,500057091,1678722041,10.3788,7.000000000000001,41.9143011700362,140.70885599590838,1x42,1,2
20260513_22862540318,228,1778695629,"1x42,1,2",2.902,365.4,0.07,87,210,0,6732.72,32,500058894,1678724461,10.4472,7.000000000000001,41.91445229575038,140.70905883796513,1x42,1,2
20260513_22862540318,229,1778695637,"1x42,1,2",2.911,367.2,0.08,85,212,0,6756.51,32,500060670,1678726919,10.4796,8.0,41.914601158350706,140.7092648651451,1x42,1,2
20260513_22862540318,230,1778695645,"1x42,1,2",2.893,368.8,0.07,87,199,0,6780.79,32,500062673,1678729136,10.4148,7.000000000000001,41.91476904787123,140.7094506919384,1x42,1,2
20260513_22862540318,231,1778695653,"1x42,1,2",2.911,370.4,0.07,87,212,0,6805.08,32,500064550,1678731542,10.4796,7.000000000000001,41.91492637619376,140.7096523605287,1x42,1,2
20260513_22862540318,232,1778695661,"1x42,1,2",2.837,372.2,0.07,85,214,0,6829.95,32,500066534,1678733878,10.2132,7.000000000000001,41.915092673152685,140.7098481617868,1x42,1,2
20260513_22862540318,233,1778695669,"1x42,1,2",2.818,373.6,0.06,85,191,0,6852.93,32,500068262,1678736251,10.1448,6.0,41.91523751243949,140.71004706434906,1x42,1,2
20260513_22862540318,234,1778695677,"1x42,1,2",2.958,375.2,0.07,86,188,0,6877.26,32,500070090,1678738681,10.648800000000001,7.000000000000001,41.915390733629465,140.71025074459612,1x42,1,2
20260513_22862540318,235,1778695685,"1x42,1,2",3.042,376.8,0.07,88,203,0,6901.81,31,500071775,1678741285,10.9512,7.000000000000001,41.915531968697906,140.7104690093547,1x42,1,2
20260513_22862540318,236,1778695693,"1x42,1,2",2.855,378.4,0.07,86,210,0,6926.07,31,500073347,1678744009,10.278,7.000000000000001,41.91566373221576,140.7106973323971,1x42,1,2
20260513_22862540318,237,1778695701,"1x42,1,2",2.902,380.0,0.07,87,209,0,6950.38,31,500074630,1678747069,10.4472,7.000000000000001,41.91577127203345,140.71095381863415,1x42,1,2
20260513_22862540318,238,1778695709,"1x42,1,2",2.921,381.4,0.06,86,218,0,6973.37,31,500075762,1678750037,10.5156,6.0,41.915866155177355,140.71120259352028,1x42,1,2
20260513_22862540318,239,1778695717,"1x42,1,2",2.911,382.6,0.05,87,206,0,6997.84,31,500076735,1678753296,10.4796,5.0,41.915947711095214,140.71147575974464,1x42,1,2
20260513_22862540318,240,1778695725,"1x42,1,2",3.116,384.4,0.07,90,223,0,7022.22,31,500077577,1678756594,11.217600000000001,7.000000000000001,41.91601828671992,140.71175219491124,1x42,1,2
20260513_22862540318,241,1778695733,"1x42,1,2",2.883,386.0,0.07,85,199,0,7046.81,31,500078160,1678760024,10.3788,7.000000000000001,41.91606715321541,140.71203969419003,1x42,1,2
20260513_22862540318,242,1778695741,"1x42,1,2",2.921,387.6,0.07,87,186,0,7070.63,31,500078449,1678763443,10.5156,7.000000000000001,41.916091376915574,140.71232627145946,1x42,1,2
20260513_22862540318,243,1778695749,"1x42,1,2",2.986,389.4,0.08,88,202,0,7094.55,31,500078855,1678766839,10.749600000000001,8.0,41.91612540744245,140.71261092089117,1x42,1,2
20260513_22862540318,244,1778695757,"1x42,1,2",2.874,391.0,0.06,87,202,0,7119.43,31,500079254,1678770306,10.346400000000001,6.0,41.916158851236105,140.71290152147412,1x42,1,2
20260513_22862540318,245,1778695765,"1x42,1,2",2.995,392.4,0.06,88,198,0,7143.51,31,500079297,1678773695,10.782,6.0,41.91616245545447,140.7131855841726,1x42,1,2
20260513_22862540318,246,1778695773,"1x42,1,2",2.902,394.0,0.07,86,218,0,7167.69,31,500079304,1678777143,10.4472,7.000000000000001,41.91616304218769,140.71347459219396,1x42,1,2
20260513_22862540318,247,1778695781,"1x42,1,2",3.004,396.0,0.08,87,219,0,7192.43,31,500078653,1678780587,10.814400000000001,8.0,41.916108475998044,140.7137632649392,1x42,1,2
20260513_22862540318,248,1778695789,"1x42,1,2",3.051,397.8,0.07,90,205,0,7216.57,31,500077911,1678783904,10.983600000000001,7.000000000000001,41.91604628227651,140.7140412926674,1x42,1,2
20260513_22862540318,249,1778695797,"1x42,1,2",3.051,399.6,0.07,91,205,0,7242.38,31,500076906,1678787345,10.983600000000001,7.000000000000001,41.91596204414964,140.71432971395552,1x42,1,2
20260513_22862540318,250,1778695805,"1x42,1,2",3.116,401.4,0.07,90,211,0,7268.21,31,500075767,1678790704,11.217600000000001,7.000000000000001,41.91586657427251,140.71461126208305,1x42,1,2
20260513_22862540318,251,1778695813,"1x42,1,2",3.042,403.4,0.08,91,209,0,7293.15,31,500073863,1678793162,10.9512,8.0,41.91570698283613,140.714817289263,1x42,1,2
20260513_22862540318,252,1778695821,"1x42,1,2",3.07,405.0,0.06,90,210,0,7318.71,31,500071207,1678794092,11.052,6.0,41.91548435948789,140.7148952409625,1x42,1,2
20260513_22862540318,253,1778695829,"1x42,1,2",2.893,407.0,0.08,90,216,0,7342.86,31,500068798,1678793037,10.4148,8.0,41.91528243944049,140.71480681188405,1x42,1,2
20260513_22862540318,254,1778695837,"1x42,1,2",2.976,408.6,0.06,91,212,0,7367.76,31,500066580,1678790933,10.7136,6.0,41.915096528828144,140.71463045664132,1x42,1,2
20260513_22862540318,255,1778695845,"1x42,1,2",3.004,410.2,0.06,89,211,0,7393.19,31,500064499,1678788561,10.814400000000001,6.0,41.914922101423144,140.7144316378981,1x42,1,2
20260513_22862540318,256,1778695853,"1x42,1,2",2.939,411.8,0.07,88,208,0,7417.78,31,500062587,1678786162,10.580400000000001,7.000000000000001,41.914761839434505,140.714230556041,1x42,1,2
20260513_22862540318,257,1778695861,"1x42,1,2",2.809,413.6,0.07,86,195,0,7442.2,31,500060677,1678783762,10.112400000000001,7.000000000000001,41.91460174508393,140.71402939036489,1x42,1,2
20260513_22862540318,258,1778695869,"1x42,1,2",2.883,415.2,0.07,88,233,0,7466.19,31,500058779,1678781463,10.3788,7.000000000000001,41.91444265656173,140.71383669041097,1x42,1,2
20260513_22862540318,259,1778695877,"1x42,1,2",2.855,416.8,0.07,86,201,0,7489.72,31,500056864,1678779239,10.278,7.000000000000001,41.914282143116,140.71365027688444,1x42,1,2
20260513_22862540318,260,1778695885,"1x42,1,2",2.762,418.2,0.06,85,201,0,7513.53,31,500054877,1678777115,9.943200000000001,6.0,41.91411559469998,140.71347224526107,1x42,1,2
20260513_22862540318,261,1778695893,"1x42,1,2",2.706,419.8,0.07,83,189,0,7536.69,31,500052596,1678775885,9.7416,7.000000000000001,41.913924403488636,140.71336914785206,1x42,1,2
20260513_22862540318,262,1778695901,"1x36,1,3",3.079,421.0,0.05,78,126,0,7560.63,31,500050059,1678776257,11.0844,5.0,41.913711754605174,140.71340032853186,1x36,1,3
20260513_22862540318,263,1778695909,"1x36,1,3",3.004,421.6,0.02,20,5,0,7585.43,31,500047670,1678777716,10.814400000000001,2.0,41.913511510938406,140.71352262049913,1x36,1,3
20260513_22862540318,264,1778695917,"1x42,1,2",2.995,422.4,0.03,85,152,0,7611.52,32,500046019,1678780749,10.782,3.0,41.913373125717044,140.71377684362233,1x42,1,2
20260513_22862540318,265,1778695925,"1x50,1,1",2.678,424.4,0.08,87,212,0,7635.2,32,500045347,1678783979,9.6408,8.0,41.91331679932773,140.71404757909477,1x50,1,1
20260513_22862540318,266,1778695933,"1x50,1,1",2.575,426.0,0.08,86,232,0,7656.37,32,500044910,1678786947,9.270000000000001,8.0,41.91328017041087,140.7142963539809,1x50,1,1
20260513_22862540318,267,1778695941,"1x50,1,1",2.557,427.8,0.08,86,216,0,7677.91,32,500044354,1678789931,9.2052,8.0,41.91323356702924,140.71454646997154,1x50,1,1
20260513_22862540318,268,1778695949,"1x50,1,1",2.631,429.4,0.08,88,235,0,7698.97,32,500043947,1678792869,9.471599999999999,8.0,41.91319945268333,140.71479273028672,1x50,1,1
20260513_22862540318,269,1778695957,"1x50,1,1",2.613,431.6,0.1,87,227,0,7720.37,32,500043352,1678795803,9.4068,10.0,41.91314958035946,140.71503865532577,1x50,1,1
20260513_22862540318,270,1778695965,"1x50,1,1",2.566,433.6,0.09,87,231,0,7742.09,32,500043328,1678798899,9.2376,9.0,41.9131475687027,140.71529815904796,1x50,1,1
20260513_22862540318,271,1778695973,"1x50,1,1",2.51,435.8,0.11,85,245,0,7762.08,32,500043920,1678801635,9.036,11.0,41.91319718956947,140.71552748791873,1x50,1,1
20260513_22862540318,272,1778695981,"1x50,1,1",2.463,438.2,0.12,85,225,0,7782.59,32,500045496,1678803678,8.866800000000001,12.0,41.91332928836346,140.71569873020053,1x50,1,1
20260513_22862540318,273,1778695989,"1x50,1,1",2.594,440.0,0.08,86,242,0,7804.39,32,500047520,1678805024,9.3384,8.0,41.91349893808365,140.71581155061722,1x50,1,1
20260513_22862540318,274,1778695997,"1x50,1,1",2.585,441.8,0.09,86,238,0,7824.62,32,500049698,1678805073,9.306000000000001,9.0,41.913681495934725,140.71581565774977,1x50,1,1
20260513_22862540318,275,1778696005,"1x42,1,2",2.118,443.6,0.09,64,191,0,7845.18,32,500051660,1678803869,7.6248,9.0,41.91384594887495,140.7157147396356,1x42,1,2
20260513_22862540318,276,1778696013,"1x42,1,2",2.65,445.6,0.1,76,227,0,7866.23,32,500053430,1678802094,9.54,10.0,41.91399430856109,140.7155659608543,1x42,1,2
20260513_22862540318,277,1778696021,"1x42,1,2",2.697,447.6,0.09,78,210,0,7887.81,32,500055361,1678800541,9.709200000000001,9.0,41.91415616311133,140.71543578989804,1x42,1,2
20260513_22862540318,278,1778696029,"1x42,1,2",2.939,449.2,0.07,83,142,0,7909.48,32,500057448,1678799412,10.580400000000001,7.000000000000001,41.91433109343052,140.71534115821123,1x42,1,2
20260513_22862540318,279,1778696037,"1x28,1,5",3.452,449.8,0.03,81,46,0,7932.58,32,500059921,1678799183,12.427200000000001,3.0,41.91453837789595,140.71532196365297,1x28,1,5
20260513_22862540318,280,1778696045,"1x25,1,6",5.263,449.4,-0.01,89,76,0,7967.8,33,500063120,1678801691,18.9468,-1.0,41.91480651497841,140.7155321817845,1x25,1,6
20260513_22862540318,281,1778696053,"1x22,1,7",6.074,449.2,0.0,83,113,0,8016.55,32,500066240,1678807282,21.8664,0.0,41.91506803035736,140.71600081399083,1x22,1,7
20260513_22862540318,282,1778696061,"1x25,1,6",4.889,450.6,0.03,77,175,0,8061.27,32,500069130,1678812378,17.6004,3.0,41.91531026735902,140.71642795577645,1x25,1,6
20260513_22862540318,283,1778696069,"1x28,1,5",4.255,452.4,0.05,82,190,0,8097.66,32,500071808,1678816157,15.318,5.0,41.91553473472595,140.7167447078973,1x28,1,5
20260513_22862540318,284,1778696077,"1x28,1,5",4.488,453.4,0.03,80,202,0,8135.28,32,500075777,1678816818,16.1568,3.0,41.91586741246283,140.71680011227727,1x28,1,5
20260513_22862540318,285,1778696085,"1x32,1,4",4.04,454.6,0.03,86,185,0,8169.62,32,500078915,1678814246,14.544,3.0,41.91613043658435,140.7165845297277,1x32,1,4
20260513_22862540318,286,1778696093,"1x32,1,4",4.096,456.4,0.05,87,183,0,8202.63,32,500081136,1678810582,14.745600000000001,5.0,41.91631659865379,140.7162774167955,1x32,1,4
20260513_22862540318,287,1778696101,"1x32,1,4",3.938,457.4,0.03,84,194,0,8235.16,31,500083409,1678807024,14.1768,3.0,41.91650711931288,140.71597918868065,1x32,1,4
20260513_22862540318,288,1778696109,"1x36,1,3",3.471,458.8,0.05,87,226,0,8265.82,31,500085391,1678803508,12.495600000000001,5.0,41.91667324863374,140.71568448096514,1x36,1,3
20260513_22862540318,289,1778696117,"1x36,1,3",3.275,460.4,0.06,84,237,0,8292.99,31,500086971,1678800246,11.79,6.0,41.91680568270385,140.71541106328368,1x36,1,3
20260513_22862540318,290,1778696125,"1x36,1,3",3.48,462.4,0.07,88,241,0,8320.84,31,500088394,1678796761,12.528,7.000000000000001,41.916924957185984,140.71511895395815,1x36,1,3
20260513_22862540318,291,1778696133,"1x36,1,3",3.415,464.4,0.07,87,237,0,8349.5,31,500089651,1678793026,12.294,7.000000000000001,41.91703031770885,140.7148058898747,1x36,1,3
20260513_22862540318,292,1778696141,"1x36,1,3",3.462,466.2,0.07,86,242,0,8377.06,31,500090997,1678789500,12.4632,7.000000000000001,41.91714313812554,140.71451034396887,1x36,1,3
20260513_22862540318,293,1778696149,"1x36,1,3",3.34,467.6,0.05,84,221,0,8404.21,31,500092321,1678786035,12.024,5.0,41.91725411452353,140.71421991102397,1x36,1,3
20260513_22862540318,294,1778696157,"1x32,1,4",3.172,469.4,0.07,65,211,0,8430.07,31,500093733,1678782881,11.4192,7.000000000000001,41.91737246699631,140.71395554579794,1x32,1,4
20260513_22862540318,295,1778696165,"1x36,1,3",3.126,471.0,0.06,80,182,0,8455.5,31,500096097,1678781275,11.2536,6.0,41.91757061518729,140.713820932433,1x36,1,3
20260513_22862540318,296,1778696173,"1x42,1,2",2.958,472.6,0.06,86,189,0,8480.39,31,500098785,1678781383,10.648800000000001,6.0,41.91779592074454,140.71382998488843,1x42,1,2
20260513_22862540318,297,1778696181,"1x42,1,2",2.948,474.2,0.07,87,181,0,8504.19,31,500101146,1678782545,10.6128,7.000000000000001,41.91799381747842,140.7139273826033,1x42,1,2
20260513_22862540318,298,1778696189,"1x42,1,2",2.948,475.6,0.06,86,198,0,8527.86,31,500103558,1678783650,10.6128,6.0,41.918195988982916,140.71402000263333,1x42,1,2
20260513_22862540318,299,1778696197,"1x42,1,2",3.06,477.2,0.06,88,166,0,8553.03,31,500105962,1678785325,11.016,6.0,41.91839748993516,140.71416039951146,1x42,1,2
20260513_22862540318,300,1778696205,"1x36,1,3",3.107,478.8,0.06,81,183,0,8578.68,31,500108311,1678787157,11.185200000000002,6.0,41.91859438084066,140.71431395597756,1x36,1,3
20260513_22862540318,301,1778696213,"1x36,1,3",3.144,480.2,0.05,82,169,0,8604.77,31,500110329,1678789782,11.3184,5.0,41.91876352764666,140.7145339809358,1x36,1,3
20260513_22862540318,302,1778696221,"1x36,1,3",3.144,481.6,0.05,83,165,0,8631.31,31,500112207,1678792645,11.3184,5.0,41.91892093978822,140.7147739548236,1x36,1,3
20260513_22862540318,303,1778696229,"1x36,1,3",3.032,483.0,0.05,85,164,0,8658.05,31,500114317,1678795261,10.9152,5.0,41.91909779794514,140.71499322541058,1x36,1,3
20260513_22862540318,304,1778696237,"1x36,1,3",3.163,484.4,0.05,83,175,0,8684.94,31,500116209,1678798180,11.3868,5.0,41.91925638355315,140.71523789316416,1x36,1,3
20260513_22862540318,305,1778696245,"1x36,1,3",3.275,485.8,0.05,85,184,0,8712.62,31,500118321,1678800981,11.79,5.0,41.91943340934813,140.715472670272,1x36,1,3
20260513_22862540318,306,1778696253,"1x36,1,3",3.256,487.2,0.05,85,167,0,8739.85,31,500120165,1678803985,11.721599999999999,5.0,41.91958797164261,140.71572446264327,1x36,1,3
20260513_22862540318,307,1778696261,"1x36,1,3",3.312,488.4,0.04,86,151,0,8768.0,31,500121834,1678807367,11.9232,4.0,41.919727865606546,140.71600793860853,1x36,1,3
20260513_22862540318,308,1778696269,"1x36,1,3",3.303,489.8,0.05,87,173,0,8795.32,31,500123549,1678810477,11.8908,5.0,41.91987161524594,140.71626861579716,1x36,1,3
20260513_22862540318,309,1778696277,"1x36,1,3",3.331,491.0,0.04,87,163,0,8822.6,31,500125094,1678813778,11.9916,4.0,41.92000111564994,140.71654530242085,1x36,1,3
20260513_22862540318,310,1778696285,"1x36,1,3",3.163,492.2,0.04,85,211,0,8850.05,31,500126505,1678817219,11.3868,4.0,41.92011938430369,140.716833723709,1x36,1,3
20260513_22862540318,311,1778696293,"1x36,1,3",3.144,494.0,0.07,83,241,0,8877.26,31,500127990,1678820577,11.3184,7.000000000000001,41.920243855565786,140.7171151880175,1x36,1,3
20260513_22862540318,312,1778696301,"1x42,1,2",2.827,495.6,0.07,85,188,0,8901.76,31,500129462,1678823481,10.177200000000001,7.000000000000001,41.92036723718047,140.7173585984856,1x42,1,2
20260513_22862540318,313,1778696309,"1x42,1,2",2.809,497.2,0.07,87,172,0,8926.3,31,500130957,1678826337,10.112400000000001,7.000000000000001,41.920492546632886,140.71759798564017,1x42,1,2
20260513_22862540318,314,1778696317,"1x42,1,2",2.753,498.8,0.07,85,196,0,8950.17,31,500132471,1678829051,9.9108,7.000000000000001,41.9206194486469,140.71782547049224,1x42,1,2
20260513_22862540318,315,1778696325,"1x42,1,2",3.014,500.2,0.06,86,204,0,8975.23,31,500134888,1678830617,10.850399999999999,6.0,41.92082203924656,140.7179567310959,1x42,1,2
20260513_22862540318,316,1778696333,"1x42,1,2",2.986,501.6,0.06,85,204,0,8999.36,31,500137419,1678830867,10.749600000000001,6.0,41.92103418521583,140.71797768585384,1x42,1,2
20260513_22862540318,317,1778696341,"1x42,1,2",3.06,503.2,0.07,87,222,0,9022.39,31,500139751,1678829825,11.016,7.000000000000001,41.92122965119779,140.7178903464228,1x42,1,2
20260513_22862540318,318,1778696349,"1x42,1,2",3.004,504.8,0.07,87,205,0,9046.07,30,500142142,1678828554,10.814400000000001,7.000000000000001,41.92143006250262,140.71778381243348,1x42,1,2
20260513_22862540318,319,1778696357,"1x42,1,2",2.995,506.6,0.07,87,167,0,9070.84,30,500144441,1678826836,10.782,7.000000000000001,41.921622762456536,140.717639811337,1x42,1,2
20260513_22862540318,320,1778696365,"1x42,1,2",2.976,508.2,0.07,86,215,0,9094.59,31,500146651,1678825151,10.7136,7.000000000000001,41.92180800251663,140.71749857626855,1x42,1,2
20260513_22862540318,321,1778696373,"1x42,1,2",2.939,509.8,0.07,84,218,0,9118.65,31,500148377,1678822576,10.580400000000001,7.000000000000001,41.92195267416537,140.7172827422619,1x42,1,2
20260513_22862540318,322,1778696381,"1x42,1,2",2.902,511.0,0.05,85,212,0,9142.43,31,500149883,1678819843,10.4472,5.0,41.92207890562713,140.7170536648482,1x42,1,2
20260513_22862540318,323,1778696389,"1x42,1,2",2.948,513.0,0.08,85,216,0,9166.0,30,500150759,1678816673,10.6128,8.0,41.922152331098914,140.71678795851767,1x42,1,2
20260513_22862540318,324,1778696397,"1x42,1,2",2.762,515.2,0.09,83,188,0,9189.86,30,500151382,1678813358,9.943200000000001,9.0,41.92220455035567,140.71651009842753,1x42,1,2
20260513_22862540318,325,1778696405,"1x42,1,2",2.874,516.6,0.06,84,202,0,9213.0,30,500151899,1678810097,10.346400000000001,6.0,41.92224788479507,140.7162367645651,1x42,1,2
20260513_22862540318,326,1778696413,"1x42,1,2",2.846,518.0,0.06,83,201,0,9236.57,30,500151886,1678806725,10.245600000000001,6.0,41.92224679514766,140.71595412679017,1x42,1,2
20260513_22862540318,327,1778696421,"1x36,1,3",2.622,519.6,0.07,69,214,0,9258.81,30,500151465,1678803580,9.4392,7.000000000000001,41.922211507335305,140.71569051593542,1x36,1,3
20260513_22862540318,328,1778696429,"1x42,1,2",2.911,521.0,0.06,85,203,0,9282.51,30,500150625,1678800438,10.4796,6.0,41.922141099348664,140.71542715653777,1x42,1,2
20260513_22862540318,329,1778696437,"1x42,1,2",2.893,522.8,0.08,85,207,0,9305.56,30,500149708,1678797372,10.4148,8.0,41.92206423729658,140.71517016738653,1x42,1,2
20260513_22862540318,330,1778696445,"1x42,1,2",2.958,524.4,0.07,86,191,0,9329.62,30,500148729,1678794166,10.648800000000001,7.000000000000001,41.92198217846453,140.71490144357085,1x42,1,2
20260513_22862540318,331,1778696453,"1x42,1,2",2.967,525.8,0.06,86,183,0,9353.53,30,500147781,1678790995,10.6812,6.0,41.921902718022466,140.71463565342128,1x42,1,2
20260513_22862540318,332,1778696461,"1x36,1,3",3.06,527.6,0.07,89,191,0,9377.79,30,500146703,1678787813,11.016,7.000000000000001,41.92181236110628,140.71436894126236,1x36,1,3
20260513_22862540318,333,1778696469,"1x36,1,3",3.247,529.4,0.07,82,187,0,9403.93,30,500145751,1678784286,11.6892,7.000000000000001,41.92173256538808,140.7140733115375,1x36,1,3
20260513_22862540318,334,1778696477,"1x36,1,3",3.256,530.8,0.05,82,200,0,9430.48,30,500144619,1678780799,11.721599999999999,5.0,41.92163768224418,140.7137810345739,1x36,1,3
20260513_22862540318,335,1778696485,"1x36,1,3",3.331,532.2,0.05,83,216,0,9457.17,31,500143639,1678777196,11.9916,5.0,41.9215555395931,140.71347903460264,1x36,1,3
20260513_22862540318,336,1778696493,"1x36,1,3",3.536,533.8,0.06,88,217,0,9484.62,31,500142365,1678773653,12.7296,6.0,41.921448754146695,140.71318206377327,1x36,1,3
20260513_22862540318,337,1778696501,"1x36,1,3",3.564,535.0,0.04,89,222,0,9512.93,31,500141348,1678769823,12.830400000000001,4.0,41.92136351019144,140.7128610368818,1x36,1,3
20260513_22862540318,338,1778696509,"1x36,1,3",3.452,536.6,0.06,86,252,0,9540.81,31,500140524,1678765966,12.427200000000001,6.0,41.92129444330931,140.71253774687648,1x36,1,3
20260513_22862540318,339,1778696517,"1x36,1,3",3.48,538.8,0.08,86,232,0,9568.23,31,500139544,1678762274,12.528,8.0,41.921212300658226,140.71222828701138,1x36,1,3
20260513_22862540318,340,1778696525,"1x36,1,3",3.583,540.6,0.06,88,240,0,9596.29,30,500139493,1678758260,12.898800000000001,6.0,41.92120802588761,140.71189183741808,1x36,1,3
20260513_22862540318,341,1778696533,"1x36,1,3",3.518,542.4,0.06,88,246,0,9624.93,30,500140356,1678754360,12.6648,6.0,41.92128036171198,140.7115649431944,1x36,1,3
20260513_22862540318,342,1778696541,"1x36,1,3",3.49,544.6,0.08,87,232,0,9653.0,30,500142367,1678751369,12.564000000000002,8.0,41.92144892178476,140.71131424047053,1x36,1,3
20260513_22862540318,343,1778696549,"1x36,1,3",3.62,546.4,0.06,89,215,0,9682.09,30,500144942,1678749012,13.032,6.0,41.921664755791426,140.71111667901278,1x36,1,3
20260513_22862540318,344,1778696557,"1x32,1,4",4.068,548.0,0.05,84,269,0,9712.29,30,500147674,1678746682,14.644799999999998,5.0,41.92189374938607,140.71092138066888,1x32,1,4
20260513_22862540318,345,1778696565,"1x32,1,4",4.152,549.8,0.06,87,149,0,9744.57,30,500150555,1678744097,14.9472,6.0,41.922135232016444,140.7107047084719,1x32,1,4
20260513_22862540318,346,1778696573,"1x32,1,4",4.255,550.6,0.02,90,134,0,9779.24,30,500153742,1678741512,15.318,2.0,41.92240236327052,140.7104880362749,1x32,1,4
20260513_22862540318,347,1778696581,"1x32,1,4",4.255,551.6,0.03,90,132,0,9813.49,30,500156757,1678738734,15.318,3.0,41.92265507765114,140.7102551870048,1x32,1,4
20260513_22862540318,348,1778696589,"1x32,1,4",4.283,552.4,0.02,90,145,0,9848.1,30,500159884,1678736052,15.418800000000001,2.0,41.92291717976332,140.71003038436174,1x32,1,4
20260513_22862540318,349,1778696597,"1x32,1,4",4.18,553.8,0.04,87,150,0,9881.3,30,500162892,1678733473,15.048,4.0,41.92316930741072,140.70981421507895,1x32,1,4
20260513_22862540318,350,1778696605,"1x32,1,4",4.143,554.6,0.02,87,155,0,9914.3,30,500165940,1678731063,14.9148,2.0,41.923424787819386,140.70961221121252,1x32,1,4
20260513_22862540318,351,1778696613,"1x36,1,3",3.658,556.2,0.05,77,207,0,9945.74,30,500168842,1678728920,13.1688,5.0,41.923668030649424,140.70943258702755,1x36,1,3
20260513_22862540318,352,1778696621,"1x36,1,3",3.415,557.8,0.06,84,231,0,9973.61,30,500171509,1678727200,12.294,6.0,41.92389157600701,140.709288418293,1x36,1,3
20260513_22862540318,353,1778696629,"1x36,1,3",3.574,559.4,0.06,89,215,0,10001.65,29,500174276,1678725714,12.8664,6.0,41.924123503267765,140.70916386321187,1x36,1,3
20260513_22862540318,354,1778696637,"1x36,1,3",3.508,561.2,0.06,88,241,0,10029.74,29,500177094,1678724232,12.6288,6.0,41.92435970529914,140.70903964340687,1x36,1,3
20260513_22862540318,355,1778696645,"1x36,1,3",3.546,563.2,0.07,87,243,0,10057.61,29,500179873,1678722832,12.7656,7.000000000000001,41.924592638388276,140.70892229676247,1x36,1,3
20260513_22862540318,356,1778696653,"1x36,1,3",3.583,565.2,0.07,89,208,0,10086.83,29,500182695,1678721044,12.898800000000001,7.000000000000001,41.92482917569578,140.70877242833376,1x36,1,3
20260513_22862540318,357,1778696661,"1x32,1,4",3.238,567.0,0.07,66,199,0,10113.91,29,500185499,1678720056,11.6568,7.000000000000001,41.92506420426071,140.70868961513042,1x32,1,4
20260513_22862540318,358,1778696669,"1x28,1,5",4.283,568.8,0.06,74,121,0,10145.36,29,500188527,1678718104,15.418800000000001,6.0,41.92531800828874,140.70852600038052,1x28,1,5
20260513_22862540318,359,1778696677,"1x25,1,6",4.768,569.2,0.01,75,73,0,10182.64,29,500192334,1678716560,17.1648,1.0,41.92563710734248,140.70839658379555,1x25,1,6
20260513_22862540318,360,1778696685,"1x25,1,6",5.328,569.4,0.01,80,75,0,10222.53,29,500196508,1678715304,19.1808,1.0,41.92598696798086,140.7082913070917,1x25,1,6
20260513_22862540318,361,1778696693,"1x22,1,7",5.962,569.6,0.0,80,89,0,10268.78,29,500201442,1678714589,21.4632,0.0,41.926400531083345,140.70823137648404,1x22,1,7
20260513_22862540318,362,1778696701,"1x22,1,7",6.345,569.4,0.0,0,0,0,10318.64,30,500206778,1678713988,22.842,0.0,41.92684778943658,140.70818100124598,1x22,1,7
20260513_22862540318,363,1778696709,"1x22,1,7",6.671,568.6,-0.02,0,0,0,10370.91,30,500212368,1678713386,24.015600000000003,-2.0,41.92731633782387,140.70813054218888,1x22,1,7
20260513_22862540318,364,1778696717,"1x22,1,7",7.017,567.8,-0.01,0,0,0,10425.94,30,500218230,1678712399,25.261200000000002,-1.0,41.92780768498778,140.70804781280458,1x22,1,7
20260513_22862540318,365,1778696725,"1x22,1,7",7.343,567.2,-0.01,0,0,0,10482.98,30,500224328,1678711560,26.4348,-1.0,41.928318813443184,140.70797748863697,1x22,1,7
20260513_22862540318,366,1778696733,"1x25,1,6",7.502,566.2,-0.02,24,1,0,10542.29,30,500230675,1678710747,27.0072,-2.0,41.92885081283748,140.7079093437642,1x25,1,6
20260513_22862540318,367,1778696741,"1x25,1,6",5.85,565.8,-0.01,0,0,0,10598.19,30,500236625,1678709940,21.06,-1.0,41.92934953607619,140.7078417018056,1x25,1,6
20260513_22862540318,368,1778696749,"1x28,1,5",5.123,564.4,-0.03,0,0,0,10641.94,30,500241318,1678709359,18.442800000000002,-3.0,41.92974289879203,140.70779300294816,1x28,1,5
20260513_22862540318,369,1778696757,"1x28,1,5",1.773,563.8,-0.03,25,44,0,10665.9,30,500243495,1678709342,6.3828,-3.0,41.92992537282407,140.70779157802463,1x28,1,5
20260513_22862540318,370,1778696765,"1x28,1,5",3.471,562.8,-0.04,62,163,0,10688.69,30,500241110,1678709827,12.495600000000001,-4.0,41.92972546443343,140.707832230255,1x28,1,5
20260513_22862540318,371,1778696773,"1x28,1,5",3.592,563.8,0.04,65,162,0,10716.79,29,500238112,1678710119,12.9312,4.0,41.92947417497635,140.70785670541227,1x28,1,5
20260513_22862540318,372,1778696781,"1x28,1,5",4.003,564.8,0.03,71,149,0,10747.56,29,500234823,1678710485,14.4108,3.0,41.92919849418104,140.70788738317788,1x28,1,5
20260513_22862540318,373,1778696789,"1x28,1,5",4.022,565.4,0.02,72,101,0,10778.94,29,500231485,1678710888,14.4792,2.0,41.92891870625317,140.70792116224766,1x28,1,5
20260513_22862540318,374,1778696797,"1x28,1,5",4.339,566.0,0.02,76,102,0,10812.44,29,500227954,1678711674,15.620400000000002,2.0,41.928622741252184,140.7079870440066,1x28,1,5
20260513_22862540318,375,1778696805,"1x28,1,5",4.199,566.6,0.02,75,104,0,10845.53,29,500224413,1678711921,15.1164,2.0,41.92832593806088,140.70800774730742,1x28,1,5
20260513_22862540318,376,1778696813,"1x28,1,5",4.385,567.0,0.01,44,71,0,10879.88,29,500220741,1678712471,15.786,1.0,41.92801815457642,140.70805384777486,1x28,1,5
20260513_22862540318,377,1778696821,"1x28,1,5",4.637,567.6,0.02,82,114,0,10915.17,29,500216963,1678712839,16.693199999999997,2.0,41.9277014862746,140.70808469317853,1x28,1,5
20260513_22862540318,378,1778696829,"1x28,1,5",4.497,568.4,0.02,80,111,0,10951.39,29,500213102,1678713451,16.1892,2.0,41.92737786099315,140.70813599042594,1x28,1,5
20260513_22862540318,379,1778696837,"1x25,1,6",4.721,568.8,0.01,84,133,0,10988.27,29,500209158,1678713929,16.9956,1.0,41.92704727873206,140.7081760559231,1x25,1,6
20260513_22862540318,380,1778696845,"1x25,1,6",4.74,568.8,0.0,73,127,0,11026.44,29,500205112,1678714601,17.064,0.0,41.92670814692974,140.70823238231242,1x25,1,6
20260513_22862540318,381,1778696853,"1x25,1,6",5.318,569.2,0.01,80,81,0,11066.6,29,500200817,1678715075,19.1448,1.0,41.92634814418852,140.70827211253345,1x25,1,6
20260513_22862540318,382,1778696861,"1x22,1,7",5.645,568.8,-0.01,74,63,0,11110.28,29,500196165,1678715944,20.322,-1.0,41.92595821805298,140.708344951272,1x22,1,7
20260513_22862540318,383,1778696869,"1x22,1,7",5.328,569.2,0.01,33,66,0,11153.66,29,500191635,1678717219,19.1808,1.0,41.92557851783931,140.70845182053745,1x22,1,7
20260513_22862540318,384,1778696877,"1x19,1,8",6.252,569.0,0.0,68,42,0,11200.48,29,500186884,1678719424,22.5072,0.0,41.92518029361963,140.70863664150238,1x19,1,8
20260513_22862540318,385,1778696885,"1x15,1,10",9.424,565.8,-0.05,91,8,0,11262.59,29,500180668,1678722676,33.9264,-5.0,41.92465927451849,140.70890922099352,1x15,1,10
20260513_22862540318,386,1778696893,"1x15,1,10",12.233,559.6,-0.07,0,0,0,11350.89,29,500171886,1678727470,44.0388,-7.000000000000001,41.923923175781965,140.70931104943156,1x15,1,10
20260513_22862540318,387,1778696901,"1x19,1,8",11.001,553.4,-0.06,36,0,0,11448.93,29,500162654,1678734176,39.6036,-6.0,41.92314935848117,140.70987313985825,1x19,1,8
20260513_22862540318,388,1778696909,"1x22,1,7",7.884,552.2,-0.02,0,0,0,11524.89,29,500155764,1678740032,28.3824,-2.0,41.92257184535265,140.71036398410797,1x22,1,7
20260513_22862540318,389,1778696917,"1x28,1,5",4.245,553.2,0.02,78,294,0,11567.17,29,500154715,1678744598,15.282,2.0,41.92248391918838,140.71074670180678,1x28,1,5
20260513_22862540318,390,1778696925,"1x28,1,5",4.245,555.4,0.07,75,336,0,11600.77,29,500156793,1678748533,15.282,7.000000000000001,41.922658095136285,140.71107652969658,1x28,1,5
20260513_22862540318,391,1778696933,"1x28,1,5",4.096,557.4,0.06,72,187,0,11633.23,28,500156925,1678752658,14.745600000000001,6.0,41.92266915924847,140.7114222832024,1x28,1,5
20260513_22862540318,392,1778696941,"1x25,1,6",3.462,557.6,0.01,29,8,0,11664.14,28,500154127,1678754785,12.4632,1.0,41.92243463359773,140.71160056628287,1x25,1,6
20260513_22862540318,393,1778696949,"1x25,1,6",1.987,557.6,0.0,0,0,0,11685.96,28,500152416,1678753070,7.153200000000001,0.0,41.92229121923447,140.71145681664348,1x25,1,6
20260513_22862540318,394,1778696957,"1x25,1,6",0.0,558.6,0.0,0,0,0,11692.81,28,500152036,1678752311,0.0,0.0,41.922259368002415,140.7113931979984,1x25,1,6
20260513_22862540318,395,1778696965,"1x25,1,6",0.0,559.0,0.0,0,0,0,11692.81,28,500152036,1678752311,0.0,0.0,41.922259368002415,140.7113931979984,1x25,1,6
20260513_22862540318,396,1778696973,"1x25,1,6",0.0,559.4,0.0,0,0,0,11692.81,28,500152036,1678752311,0.0,0.0,41.922259368002415,140.7113931979984,1x25,1,6
20260513_22862540318,397,1778696981,"1x25,1,6",0.0,559.6,0.0,0,0,0,11692.81,28,500152036,1678752311,0.0,0.0,41.922259368002415,140.7113931979984,1x25,1,6
20260513_22862540318,398,1778696989,"1x25,1,6",0.0,560.0,0.0,0,0,0,11692.81,28,500152036,1678752311,0.0,0.0,41.922259368002415,140.7113931979984,1x25,1,6
20260513_22862540318,399,1778696997,"1x25,1,6",1.045,560.2,0.35,0,0,0,11693.29,28,500152001,1678752394,3.762,35.0,41.922256434336305,140.71140015497804,1x25,1,6
20260513_22862540318,400,1778697005,"1x25,1,6",0.69,560.2,0.0,0,0,0,11698.71,28,500152157,1678753115,2.484,0.0,41.92226951010525,140.7114605884999,1x25,1,6
20260513_22862540318,401,1778697013,"1x25,1,6",0.0,559.6,0.0,0,0,0,11699.24,28,500152188,1678753177,0.0,0.0,41.922272108495235,140.71146578527987,1x25,1,6
20260513_22862540318,402,1778697021,"1x25,1,6",0.0,559.6,0.0,0,0,0,11699.24,28,500152188,1678753177,0.0,0.0,41.922272108495235,140.71146578527987,1x25,1,6
20260513_22862540318,403,1778697029,"1x25,1,6",0.271,559.2,0.0,0,0,0,11699.24,28,500152188,1678753177,0.9756000000000001,0.0,41.922272108495235,140.71146578527987,1x25,1,6
20260513_22862540318,404,1778697037,"1x25,1,6",0.0,559.2,0.0,0,0,0,11699.24,28,500152188,1678753177,0.0,0.0,41.922272108495235,140.71146578527987,1x25,1,6
20260513_22862540318,405,1778697045,"1x25,1,6",0.0,558.6,0.0,0,0,0,11699.24,28,500152188,1678753177,0.0,0.0,41.922272108495235,140.71146578527987,1x25,1,6
20260513_22862540318,406,1778697053,"1x25,1,6",0.0,558.0,0.0,0,0,0,11699.24,28,500152188,1678753177,0.0,0.0,41.922272108495235,140.71146578527987,1x25,1,6
20260513_22862540318,407,1778697061,"1x25,1,6",0.0,558.0,0.0,0,0,0,11699.24,28,500152188,1678753177,0.0,0.0,41.922272108495235,140.71146578527987,1x25,1,6
20260513_22862540318,408,1778697069,"1x25,1,6",1.512,557.8,-0.61,0,0,0,11702.66,28,500152422,1678753573,5.4432,-61.0,41.92229172214866,140.71149897761643,1x25,1,6
20260513_22862540318,409,1778697077,"1x28,1,5",2.211,557.6,-0.01,21,7,0,11721.83,28,500153995,1678754753,7.9596,-1.0,41.922423569485545,140.71159788407385,1x28,1,5
20260513_22862540318,410,1778697085,"1x28,1,5",0.746,557.4,-0.01,0,0,0,11735.93,28,500153669,1678756244,2.6856,-1.0,41.922396244481206,140.71172285825014,1x28,1,5
20260513_22862540318,411,1778697093,"1x28,1,5",0.0,557.4,0.0,0,0,0,11737.02,28,500153698,1678756310,0.0,0.0,41.922398675233126,140.71172839030623,1x28,1,5
20260513_22862540318,412,1778697101,"1x28,1,5",0.0,557.4,0.0,0,0,0,11737.02,28,500153698,1678756310,0.0,0.0,41.922398675233126,140.71172839030623,1x28,1,5
20260513_22862540318,413,1778697109,"1x28,1,5",0.0,557.4,0.0,0,0,0,11737.02,28,500153698,1678756310,0.0,0.0,41.922398675233126,140.71172839030623,1x28,1,5
20260513_22862540318,414,1778697117,"1x28,1,5",0.0,557.4,0.0,0,0,0,11737.02,28,500153698,1678756310,0.0,0.0,41.922398675233126,140.71172839030623,1x28,1,5
20260513_22862540318,415,1778697125,"1x28,1,5",0.0,557.2,0.0,0,0,0,11737.02,28,500153698,1678756310,0.0,0.0,41.922398675233126,140.71172839030623,1x28,1,5
20260513_22862540318,416,1778697133,"1x28,1,5",0.0,557.6,0.0,0,0,0,11737.02,28,500153698,1678756310,0.0,0.0,41.922398675233126,140.71172839030623,1x28,1,5
20260513_22862540318,417,1778697141,"1x28,1,5",0.0,557.8,0.0,0,0,0,11737.02,28,500153698,1678756310,0.0,0.0,41.922398675233126,140.71172839030623,1x28,1,5
20260513_22862540318,418,1778697149,"1x28,1,5",0.0,557.8,0.0,0,0,0,11737.02,28,500153698,1678756310,0.0,0.0,41.922398675233126,140.71172839030623,1x28,1,5
20260513_22862540318,419,1778697157,"1x28,1,5",0.0,558.2,0.0,0,0,0,11737.02,28,500153698,1678756310,0.0,0.0,41.922398675233126,140.71172839030623,1x28,1,5
20260513_22862540318,420,1778697165,"1x28,1,5",1.25,558.4,0.28,0,7,0,11739.44,28,500153579,1678756625,4.5,28.000000000000004,41.92238870076835,140.71175479330122,1x28,1,5
20260513_22862540318,421,1778697173,"1x28,1,5",0.877,557.8,-0.06,16,59,0,11749.11,29,500153071,1678756396,3.1572,-6.0,41.92234612070024,140.71173559874296,1x28,1,5
20260513_22862540318,422,1778697181,"1x28,1,5",1.642,558.0,0.02,29,78,0,11759.68,29,500153466,1678754990,5.9112,2.0,41.92237922921777,140.71161774918437,1x28,1,5
20260513_22862540318,423,1778697189,"1x28,1,5",2.529,557.6,-0.02,18,22,0,11779.3,29,500152600,1678752645,9.1044,-2.0,41.9223066419363,140.711421193555,1x28,1,5
20260513_22862540318,424,1778697197,"1x28,1,5",3.238,558.4,0.04,0,3,0,11802.0,29,500154200,1678750886,11.6568,4.0,41.92244075238705,140.7112737558782,1x28,1,5
20260513_22862540318,425,1778697205,"1x22,1,7",4.152,558.2,-0.01,0,3,0,11832.18,29,500157052,1678752400,14.9472,-1.0,41.9226798042655,140.71140065789223,1x22,1,7
20260513_22862540318,426,1778697213,"1x22,1,7",6.074,554.8,-0.08,0,0,0,11872.66,29,500156078,1678747381,21.8664,-8.0,41.92259816452861,140.71097997017205,1x22,1,7
20260513_22862540318,427,1778697221,"1x22,1,7",2.183,552.0,-0.07,0,0,0,11911.51,29,500153559,1678742970,7.8588,-7.000000000000001,41.92238702438772,140.71061024442315,1x22,1,7
20260513_22862540318,428,1778697229,"1x19,1,8",5.188,551.4,-0.02,0,0,0,11944.24,29,500150450,1678744882,18.6768,-2.0,41.922126431018114,140.7107705064118,1x19,1,8
20260513_22862540318,429,1778697237,"1x15,1,10",8.985,548.8,-0.05,88,162,0,12000.74,29,500145305,1678749169,32.346,-5.0,41.92169518209994,140.71112983860075,1x15,1,10
20260513_22862540318,430,1778697245,"1x11,1,12",12.382,544.2,-0.05,12,1,0,12086.74,28,500139746,1678758512,44.5752,-5.0,41.92122923210263,140.71191295981407,1x11,1,12
20260513_22862540318,431,1778697253,"1x11,1,12",14.444,538.6,-0.05,14,0,0,12194.62,28,500142776,1678773362,51.998400000000004,-5.0,41.92148320376873,140.71315767243505,1x11,1,12
20260513_22862540318,432,1778697261,"1x11,1,12",15.162,531.2,-0.06,0,0,0,12315.0,28,500147540,1678789438,54.583200000000005,-6.0,41.92188251763582,140.7145051471889,1x11,1,12
20260513_22862540318,433,1778697269,"1x11,1,12",14.463,523.4,-0.06,0,0,0,12436.39,28,500152081,1678805772,52.0668,-6.0,41.92226313985884,140.71587424725294,1x11,1,12
20260513_22862540318,434,1778697277,"1x11,1,12",14.481,515.6,-0.07,0,0,0,12549.78,28,500149456,1678821491,52.1316,-7.000000000000001,41.92204311490059,140.71719179861248,1x11,1,12
20260513_22862540318,435,1778697285,"1x11,1,12",13.035,507.0,-0.08,0,0,0,12662.98,28,500139573,1678830482,46.926,-8.0,41.921214731410146,140.71794541552663,1x11,1,12
20260513_22862540318,436,1778697293,"1x11,1,12",13.287,500.8,-0.06,84,196,0,12765.8,28,500130115,1678825795,47.833200000000005,-6.0,41.92042197100818,140.71755255572498,1x11,1,12
20260513_22862540318,437,1778697301,"1x11,1,12",15.162,492.0,-0.08,96,187,0,12882.97,28,500123699,1678811332,54.583200000000005,-8.0,41.919884188100696,140.71634028106928,1x11,1,12
20260513_22862540318,438,1778697309,"1x11,1,12",14.313,485.6,-0.05,0,0,0,13000.35,28,500115817,1678798220,51.5268,-5.0,41.919223526492715,140.71524124592543,1x11,1,12
20260513_22862540318,439,1778697317,"1x11,1,12",13.66,480.0,-0.05,0,0,0,13111.02,27,500107352,1678787139,49.176,-5.0,41.918513998389244,140.714312447235,1x11,1,12
20260513_22862540318,440,1778697325,"1x11,1,12",11.85,474.6,-0.05,0,0,0,13213.39,28,500097201,1678781788,42.66,-5.0,41.9176631513983,140.71386393159628,1x11,1,12
20260513_22862540318,441,1778697333,"1x11,1,12",12.764,468.6,-0.06,81,213,0,13310.17,28,500090645,1678791630,45.9504,-6.0,41.917113633826375,140.71468887850642,1x11,1,12
20260513_22862540318,442,1778697341,"1x11,1,12",14.556,460.2,-0.08,0,0,0,13421.62,28,500084661,1678805462,52.401599999999995,-8.0,41.91661206074059,140.7158482633531,1x11,1,12
20260513_22862540318,443,1778697349,"1x11,1,12",12.177,455.0,-0.05,0,0,0,13531.4,28,500076855,1678817190,43.8372,-5.0,41.91595776937902,140.71683129295707,1x11,1,12
20260513_22862540318,444,1778697357,"1x13,1,11",12.065,451.8,-0.03,86,149,0,13629.05,28,500068289,1678811661,43.434,-3.0,41.915239775553346,140.7163678575307,1x13,1,11
20260513_22862540318,445,1778697365,"1x13,1,11",11.467,448.8,-0.03,89,255,0,13725.65,28,500061774,1678800964,41.281200000000005,-3.0,41.91469369456172,140.71547124534845,1x13,1,11
20260513_22862540318,446,1778697373,"1x13,1,11",11.738,448.2,-0.01,0,0,0,13813.77,28,500053084,1678803746,42.2568,-1.0,41.91396530717611,140.71570442989469,1x13,1,11
20260513_22862540318,447,1778697381,"1x13,1,11",11.953,440.0,-0.09,0,0,0,13909.45,28,500043973,1678802133,43.0308,-9.0,41.913201631978154,140.71556922979653,1x13,1,11
20260513_22862540318,448,1778697389,"1x13,1,11",14.519,431.2,-0.08,0,0,0,14016.47,28,500044456,1678787023,52.2684,-8.0,41.91324211657047,140.7143027242273,1x13,1,11
20260513_22862540318,449,1778697397,"1x13,1,11",12.261,423.8,-0.07,0,0,0,14125.27,28,500050980,1678775469,44.1396,-7.000000000000001,41.913788951933384,140.71333427913487,1x13,1,11
20260513_22862540318,450,1778697405,"1x13,1,11",13.744,418.8,-0.05,22,0,0,14227.1,28,500060121,1678782702,49.4784,-5.0,41.914555141702294,140.71394054219127,1x13,1,11
20260513_22862540318,451,1778697413,"1x13,1,11",12.475,411.2,-0.07,0,0,0,14337.14,27,500069064,1678792920,44.91,-7.000000000000001,41.915304735302925,140.71479700505733,1x13,1,11
20260513_22862540318,452,1778697421,"1x11,1,12",12.289,403.0,-0.09,77,277,0,14430.67,27,500076755,1678786812,44.2404,-9.0,41.91594938747585,140.71428503841162,1x11,1,12
20260513_22862540318,453,1778697429,"1x11,1,12",15.246,396.4,-0.06,96,240,0,14542.38,27,500079014,1678771201,54.885600000000004,-6.0,41.91613873466849,140.7129765395075,1x11,1,12
20260513_22862540318,454,1778697437,"1x11,1,12",15.554,386.4,-0.08,0,0,0,14667.17,27,500076661,1678753559,55.9944,-8.0,41.91594150848687,140.71149780414999,1x11,1,12
20260513_22862540318,455,1778697445,"1x11,1,12",16.002,379.2,-0.06,0,0,0,14794.63,27,500069595,1678738037,57.6072,-6.0,41.915349243208766,140.7101967651397,1x11,1,12
20260513_22862540318,456,1778697453,"1x11,1,12",15.816,370.0,-0.07,0,0,0,14922.28,27,500059589,1678725522,56.9376,-7.000000000000001,41.91451054997742,140.70914776995778,1x11,1,12
20260513_22862540318,457,1778697461,"1x11,1,12",15.797,360.6,-0.07,0,0,0,15048.9,27,500050596,1678711878,56.869200000000006,-7.000000000000001,41.913756765425205,140.70800414308906,1x11,1,12
20260513_22862540318,458,1778697469,"1x11,1,12",15.862,352.6,-0.06,0,0,0,15176.45,27,500041078,1678698765,57.1032,-6.0,41.91295897588134,140.70690502412617,1x11,1,12
20260513_22862540318,459,1778697477,"1x11,1,12",15.078,343.4,-0.07,0,0,0,15300.57,27,500030382,1678688070,54.2808,-7.000000000000001,41.91206244751811,140.70600857958198,1x11,1,12
20260513_22862540318,460,1778697485,"1x11,1,12",14.453,334.6,-0.08,0,0,0,15417.37,27,500027109,1678672478,52.0308,-8.0,41.911788107827306,140.70470167323947,1x11,1,12
20260513_22862540318,461,1778697493,"1x11,1,12",15.106,327.6,-0.06,0,0,0,15536.88,27,500028047,1678655345,54.3816,-6.0,41.911866730079055,140.7032656017691,1x11,1,12
20260513_22862540318,462,1778697501,"1x11,1,12",13.865,321.4,-0.05,0,0,0,15651.9,27,500030239,1678639126,49.914,-5.0,41.912050461396575,140.7019061408937,1x11,1,12
20260513_22862540318,463,1778697509,"1x11,1,12",13.287,317.2,-0.04,0,0,0,15760.03,27,500033616,1678624264,47.833200000000005,-4.0,41.91233351826668,140.70066042244434,1x11,1,12
20260513_22862540318,464,1778697517,"1x11,1,12",11.738,312.0,-0.05,0,0,0,15861.65,27,500037366,1678611070,42.2568,-5.0,41.91264783963561,140.6995545141399,1x11,1,12
20260513_22862540318,465,1778697525,"1x11,1,12",13.091,306.4,-0.06,0,0,0,15961.01,27,500047720,1678608377,47.1276,-6.0,41.91351570188999,140.69932878948748,1x11,1,12
20260513_22862540318,466,1778697533,"1x11,1,12",12.531,298.2,-0.08,0,0,0,16059.3,27,500048649,1678595872,45.1116,-8.0,41.913593569770455,140.69828063249588,1x11,1,12
20260513_22862540318,467,1778697541,"1x11,1,12",12.82,291.8,-0.06,82,317,0,16160.31,27,500038408,1678594203,46.152,-6.0,41.91273517906666,140.69814073853195,1x11,1,12
20260513_22862540318,468,1778697549,"1x11,1,12",12.037,289.6,-0.02,76,270,0,16259.43,27,500029608,1678601023,43.333200000000005,-2.0,41.91199757158756,140.69871238432825,1x11,1,12
20260513_22862540318,469,1778697557,"1x11,1,12",12.867,287.4,-0.02,80,129,0,16356.89,27,500026756,1678614490,46.321200000000005,-2.0,41.91175851970911,140.69984117522836,1x11,1,12
20260513_22862540318,470,1778697565,"1x11,1,12",14.145,279.2,-0.07,0,0,0,16466.42,27,500019943,1678627260,50.922,-7.000000000000001,41.91118746064603,140.70091154426336,1x11,1,12
20260513_22862540318,471,1778697573,"1x11,1,12",15.162,271.4,-0.07,96,203,0,16582.37,28,500015674,1678642830,54.583200000000005,-7.000000000000001,41.91082963719964,140.70221660658717,1x11,1,12
20260513_22862540318,472,1778697581,"1x11,1,12",14.239,264.0,-0.06,0,0,0,16701.85,28,500010890,1678658587,51.260400000000004,-6.0,41.910428646951914,140.7035373430699,1x11,1,12
20260513_22862540318,473,1778697589,"1x11,1,12",14.099,259.6,-0.04,0,0,0,16814.23,28,500003921,1678671792,50.7564,-4.0,41.90984451211989,140.7046441733837,1x11,1,12
20260513_22862540318,474,1778697597,"1x11,1,12",13.52,253.8,-0.05,0,0,0,16927.85,28,500001823,1678687665,48.672,-5.0,41.90966865979135,140.70597463287413,1x11,1,12
20260513_22862540318,475,1778697605,"1x11,1,12",11.383,251.0,-0.03,0,0,0,17026.94,28,500001312,1678701894,40.9788,-3.0,41.909625828266144,140.7071672938764,1x11,1,12
20260513_22862540318,476,1778697613,"1x11,1,12",11.766,247.4,-0.04,0,0,0,17118.37,28,499993309,1678706213,42.3576,-4.0,41.908955024555326,140.7075293082744,1x11,1,12
20260513_22862540318,477,1778697621,"1x11,1,12",13.24,240.0,-0.07,0,0,0,17220.11,28,499988289,1678693455,47.664,-7.000000000000001,41.908534253016114,140.70645994506776,1x11,1,12
20260513_22862540318,478,1778697629,"1x11,1,12",11.831,231.0,-0.09,0,0,0,17324.73,28,499984015,1678679583,42.5916,-9.0,41.90817601047456,140.7052972074598,1x11,1,12
20260513_22862540318,479,1778697637,"1x11,1,12",12.428,225.8,-0.06,0,0,0,17418.52,28,499975202,1678678841,44.74080000000001,-6.0,41.907437313348055,140.70523501373827,1x11,1,12
20260513_22862540318,480,1778697645,"1x11,1,12",11.841,219.2,-0.07,0,0,0,17516.88,28,499966114,1678685238,42.6276,-7.000000000000001,41.906675565987825,140.70577120408416,1x11,1,12
20260513_22862540318,481,1778697653,"1x11,1,12",12.606,213.4,-0.06,22,0,0,17615.39,28,499959902,1678674520,45.3816,-6.0,41.90615488216281,140.70487283170223,1x11,1,12
20260513_22862540318,482,1778697661,"1x11,1,12",11.738,206.8,-0.07,0,0,0,17713.85,28,499954619,1678662540,42.2568,-7.000000000000001,41.90571206621826,140.70386867970228,1x11,1,12
20260513_22862540318,483,1778697669,"1x11,1,12",12.568,200.2,-0.07,0,0,0,17806.81,28,499946867,1678667965,45.2448,-7.000000000000001,41.9050623010844,140.70432339794934,1x11,1,12
20260513_22862540318,484,1778697677,"1x17,1,9",14.08,191.8,-0.08,48,0,0,17917.48,28,499943494,1678683122,50.688,-8.0,41.90477957949042,140.70559384301305,1x17,1,9
20260513_22862540318,485,1778697685,"1x17,1,9",12.932,184.0,-0.07,0,0,0,18028.25,28,499937402,1678696831,46.5552,-7.000000000000001,41.90426895394921,140.70674291811883,1x17,1,9
20260513_22862540318,486,1778697693,"1x17,1,9",9.704,182.0,-0.02,100,432,0,18122.39,28,499928493,1678697955,34.934400000000004,-2.0,41.90352221019566,140.70683713071048,1x17,1,9
20260513_22862540318,487,1778697701,"1x15,1,10",8.454,186.8,0.07,76,720,0,18192.56,28,499924198,1678689712,30.434400000000004,7.000000000000001,41.90316220745444,140.70614621043205,1x15,1,10
20260513_22862540318,488,1778697709,"1x15,1,10",7.082,190.8,0.06,66,589,0,18256.76,28,499920161,1678682262,25.4952,6.0,41.90282383002341,140.70552175864577,1x15,1,10
20260513_22862540318,489,1778697717,"1x15,1,10",7.073,194.2,0.06,33,30,0,18312.76,28,499914514,1678681338,25.4628,6.0,41.90235050395131,140.70544430986047,1x15,1,10
20260513_22862540318,490,1778697725,"1x15,1,10",9.555,191.6,-0.04,12,0,0,18379.05,28,499909178,1678687660,34.398,-4.0,41.90190324559808,140.70597421377897,1x15,1,10
20260513_22862540318,491,1778697733,"1x13,1,11",11.355,185.0,-0.08,0,0,0,18464.36,28,499900721,1678691704,40.878,-8.0,41.90119438804686,140.70631317794323,1x13,1,11
20260513_22862540318,492,1778697741,"1x13,1,11",12.298,177.4,-0.08,0,0,0,18560.34,28,499890721,1678694467,44.272800000000004,-8.0,41.90035619772971,140.70654476992786,1x13,1,11
20260513_22862540318,493,1778697749,"1x11,1,12",11.533,172.2,-0.05,0,0,0,18656.84,28,499887652,1678706923,41.5188,-5.0,41.90009895712137,140.7075888197869,1x11,1,12
20260513_22862540318,494,1778697757,"1x13,1,11",10.469,172.4,0.0,18,12,0,18745.13,28,499890300,1678719131,37.6884,0.0,41.900320909917355,140.7086120825261,1x13,1,11
20260513_22862540318,495,1778697765,"1x13,1,11",10.413,171.6,-0.01,0,0,0,18825.26,28,499885497,1678727633,37.4868,-1.0,41.899918327108026,140.70932471193373,1x13,1,11
20260513_22862540318,496,1778697773,"1x13,1,11",12.27,162.8,-0.09,0,0,0,18918.02,28,499878605,1678720070,44.172,-9.0,41.89934064634144,140.70869078859687,1x13,1,11
20260513_22862540318,497,1778697781,"1x13,1,11",12.951,153.8,-0.09,0,0,0,19019.73,28,499875394,1678706106,46.6236,-9.0,41.899071503430605,140.707520339638,1x13,1,11
20260513_22862540318,498,1778697789,"1x11,1,12",12.634,147.8,-0.06,0,0,0,19122.91,28,499871181,1678692709,45.482400000000005,-6.0,41.89871837384999,140.7063974160701,1x11,1,12
20260513_22862540318,499,1778697797,"1x11,1,12",12.587,144.8,-0.03,80,381,0,19222.89,28,499863636,1678682513,45.3132,-3.0,41.898085959255695,140.70554279722273,1x11,1,12
20260513_22862540318,500,1778697805,"1x11,1,12",13.8,139.6,-0.05,87,222,0,19330.62,28,499855482,1678671488,49.68000000000001,-5.0,41.89740249887109,140.70461869239807,1x11,1,12
20260513_22862540318,501,1778697813,"1x11,1,12",14.164,131.8,-0.07,0,0,0,19445.19,28,499849008,1678657624,50.9904,-7.000000000000001,41.89685985445976,140.70345662534237,1x11,1,12
20260513_22862540318,502,1778697821,"1x11,1,12",14.369,126.2,-0.05,0,0,0,19558.45,28,499845928,1678641870,51.7284,-5.0,41.89660169184208,140.70213614031672,1x11,1,12
20260513_22862540318,503,1778697829,"1x11,1,12",15.209,118.2,-0.07,0,0,0,19676.65,28,499843207,1678625252,54.7524,-7.000000000000001,41.89637362025678,140.70074323564768,1x11,1,12
20260513_22862540318,504,1778697837,"1x11,1,12",15.554,111.6,-0.05,0,0,0,19800.99,28,499840192,1678607842,55.9944,-5.0,41.89612090587616,140.6992839463055,1x11,1,12
20260513_22862540318,505,1778697845,"1x17,1,9",12.699,105.0,-0.06,45,0,0,19914.34,28,499837536,1678591957,45.7164,-6.0,41.895898282527924,140.69795248098671,1x17,1,9
20260513_22862540318,506,1778697853,"1x17,1,9",7.185,100.8,-0.05,0,0,0,20000.8,28,499835603,1678579790,25.866,-5.0,41.89573626033962,140.69693265482783,1x17,1,9
20260513_22862540318,507,1778697861,"1x17,1,9",6.438,98.0,-0.07,63,266,0,20043.2,28,499832307,1678579236,23.1768,-7.000000000000001,41.895459992811084,140.69688621908426,1x17,1,9
20260513_22862540318,508,1778697869,"1x17,1,9",8.118,95.4,-0.04,83,247,0,20104.77,28,499826416,1678583253,29.224800000000002,-4.0,41.89496621489525,140.69722292013466,1x17,1,9
20260513_22862540318,509,1778697877,"1x17,1,9",7.987,95.8,0.01,81,358,0,20170.11,28,499820099,1678587345,28.7532,1.0,41.8944367300719,140.69756590761244,1x17,1,9
20260513_22862540318,510,1778697885,"1x19,1,8",7.166,97.2,0.02,74,221,0,20232.59,28,499814076,1678591252,25.797600000000003,2.0,41.89393188804388,140.69789338856936,1x19,1,8
20260513_22862540318,511,1778697893,"1x19,1,8",6.849,98.2,0.02,21,2,0,20288.2,28,499808710,1678594823,24.6564,2.0,41.893482115119696,140.6981927063316,1x19,1,8
20260513_22862540318,512,1778697901,"1x19,1,8",6.448,100.0,0.04,69,327,0,20335.76,28,499804135,1678597861,23.2128,4.0,41.8930986430496,140.69844734854996,1x19,1,8
20260513_22862540318,513,1778697909,"1x19,1,8",6.308,100.6,0.01,42,25,0,20385.45,28,499799362,1678601054,22.7088,1.0,41.89269857481122,140.69871498271823,1x19,1,8
20260513_22862540318,514,1778697917,"1x19,1,8",6.214,100.8,0.0,28,1,0,20427.74,28,499795632,1678600392,22.370400000000004,0.0,41.89238592982292,140.69865949451923,1x19,1,8
20260513_22862540318,515,1778697925,"1x19,1,8",8.743,95.2,-0.09,0,0,0,20492.15,28,499790857,1678593716,31.474800000000002,-9.0,41.89198569394648,140.6980999186635,1x19,1,8
20260513_22862540318,516,1778697933,"1x19,1,8",10.506,89.6,-0.07,0,0,0,20570.06,28,499787139,1678583700,37.821600000000004,-7.000000000000001,41.89167405478656,140.69726038724184,1x19,1,8
20260513_22862540318,517,1778697941,"1x19,1,8",8.995,82.6,-0.09,0,0,0,20650.35,28,499782037,1678574626,32.382,-9.0,41.89124641008675,140.69649981334805,1x19,1,8
20260513_22862540318,518,1778697949,"1x19,1,8",4.311,81.4,-0.03,35,158,0,20692.15,28,499778410,1678571157,15.5196,-3.0,41.89094239845872,140.69620904512703,1x19,1,8
20260513_22862540318,519,1778697957,"1x17,1,9",6.681,78.6,-0.06,0,0,0,20740.98,28,499776242,1678564848,24.0516,-6.0,41.89076067879796,140.69568023085594,1x17,1,9
20260513_22862540318,520,1778697965,"1x17,1,9",3.172,75.6,-0.07,0,0,0,20781.64,28,499774811,1678559315,11.4192,-7.000000000000001,41.890640733763576,140.69521646015346,1x17,1,9
20260513_22862540318,521,1778697973,"1x17,1,9",0.0,74.4,0.0,0,0,0,20786.79,28,499774655,1678558678,0.0,0.0,41.89062765799463,140.69516306743026,1x17,1,9
20260513_22862540318,522,1778697981,"1x17,1,9",2.921,74.2,-0.09,0,0,0,20797.1,28,499774383,1678557274,10.5156,-9.0,41.890604859218,140.69504538550973,1x17,1,9
20260513_22862540318,523,1778697989,"1x17,1,9",6.699,72.8,-0.04,68,382,0,20833.41,28,499773095,1678552386,24.1164,-4.0,41.89049690030515,140.6946356780827,1x17,1,9
20260513_22862540318,524,1778697997,"1x15,1,10",9.611,69.8,-0.04,0,0,0,20901.35,28,499770761,1678543103,34.5996,-4.0,41.89030126668513,140.6938575860113,1x15,1,10
20260513_22862540318,525,1778698005,"1x15,1,10",11.16,64.0,-0.07,0,0,0,20987.53,28,499767840,1678531390,40.176,-7.000000000000001,41.89005643129349,140.6928758136928,1x15,1,10
20260513_22862540318,526,1778698013,"1x15,1,10",7.884,58.4,-0.07,0,0,0,21071.2,28,499764201,1678520369,28.3824,-7.000000000000001,41.889751413837075,140.69195204414427,1x15,1,10
20260513_22862540318,527,1778698021,"1x22,1,7",4.843,57.8,-0.01,65,121,0,21115.58,28,499763947,1678515077,17.4348,-1.0,41.88973012380302,140.69150847382843,1x22,1,7
20260513_22862540318,528,1778698029,"1x17,1,9",6.821,58.2,0.01,77,318,0,21163.2,28,499768899,1678513247,24.5556,1.0,41.890145195648074,140.6913550850004,1x17,1,9
20260513_22862540318,529,1778698037,"1x19,1,8",3.994,59.0,0.02,0,0,0,21210.01,28,499773743,1678513020,14.378400000000001,2.0,41.8905512150377,140.6913360580802,1x19,1,8
20260513_22862540318,530,1778698045,"1x19,1,8",0.467,60.6,0.11,0,0,0,21224.05,28,499773528,1678514764,1.6812,11.0,41.890533193945885,140.6914822384715,1x19,1,8
20260513_22862540318,531,1778698053,"1x19,1,8",0.205,61.0,0.11,0,0,0,21224.26,28,499773641,1678514772,0.738,11.0,41.89054266549647,140.69148290902376,1x19,1,8
20260513_22862540318,532,1778698061,"1x19,1,8",0.0,61.0,0.0,0,0,0,21225.3,28,499773528,1678514764,0.0,0.0,41.890533193945885,140.6914822384715,1x19,1,8
